Reference, Quantity, Value, Footprint, Datasheet
C1 ,1,"0.1uF_50V","Capacitors_THT:C_Disc_D5.0mm_W2.5mm_P5.00mm",""
C2 C3 C4 C5 C6 ,5,"1uF_ML","Capacitors_THT:C_Disc_D3.8mm_W2.6mm_P2.50mm",""
D17 D18 D19 D20 ,4,"LED_3","LEDs:LED_D3.0mm",""
D1 D10 D11 D12 D13 D14 D15 D16 D2 D3 D4 D5 D6 D7 D8 D9 ,16,"1N4148","Diodes_THT:D_DO-35_SOD27_P2.54mm_Vertical_KathodeUp",""
J1 ,1,"Screw_Terminal_01x08","TerminalBlock_Phoenix:TerminalBlock_Phoenix_MKDS1.5-8pol",""
J2 ,1,"Pin_Straight_02x08","Pin_Headers:Pin_Header_Straight_2x08_Pitch2.54mm",""
R11 R13 R15 R17 ,4,"470E","Resistors_THT:R_Axial_DIN0207_L6.3mm_D2.5mm_P2.54mm_Vertical",""
R12 R14 R16 R18 ,4,"10K","Resistors_THT:R_Axial_DIN0207_L6.3mm_D2.5mm_P2.54mm_Vertical",""
R1 R2 R5 ,3,"12K_1%","Resistors_THT:R_Axial_DIN0207_L6.3mm_D2.5mm_P2.54mm_Vertical",""
R3 ,1,"1K_1%","Resistors_THT:R_Axial_DIN0207_L6.3mm_D2.5mm_P2.54mm_Vertical",""
R10 R4 R6 R7 R8 R9 ,6,"10K_1%","Resistors_THT:R_Axial_DIN0207_L6.3mm_D2.5mm_P2.54mm_Vertical",""
U1 ,1,"LM358","Housings_DIP:DIP-8_W7.62mm_LongPads",""
U2 ,1,"CNY74-4","Housings_DIP:DIP-16_W7.62mm_LongPads",""