<?xml version="1.0" encoding="UTF-8"?>
<export version="D">
  <design>
    <source>/home/daniel/OSIMPLC/Hardware/OSIMPLC_Lengues_V2.0/e4ci/e4ci.sch</source>
    <date>dom 04 nov 2018 11:57:18 -03</date>
    <tool>Eeschema 5.0.1</tool>
    <sheet number="1" name="/" tstamps="/">
      <title_block>
        <title/>
        <company/>
        <rev/>
        <date/>
        <source>e4ci.sch</source>
        <comment number="1" value=""/>
        <comment number="2" value=""/>
        <comment number="3" value=""/>
        <comment number="4" value=""/>
      </title_block>
    </sheet>
  </design>
  <components>
    <comp ref="J1">
      <value>Screw_Terminal_01x08</value>
      <footprint>TerminalBlock_Phoenix:TerminalBlock_Phoenix_MKDS1.5-8pol</footprint>
      <libsource lib="conn" part="Screw_Terminal_01x08" description="Generic screw terminal, single row, 01x08"/>
      <sheetpath names="/" tstamps="/"/>
      <tstamp>5A69FF64</tstamp>
    </comp>
    <comp ref="J2">
      <value>Pin_Straight_02x08</value>
      <footprint>Pin_Headers:Pin_Header_Straight_2x08_Pitch2.54mm</footprint>
      <libsource lib="conn" part="Conn_02x08_Odd_Even" description="Generic connector, double row, 02x08, odd/even pin numbering scheme (row 1 odd numbers, row 2 even numbers)"/>
      <sheetpath names="/" tstamps="/"/>
      <tstamp>5A69FF65</tstamp>
    </comp>
    <comp ref="R2">
      <value>12K_1%</value>
      <footprint>Resistors_THT:R_Axial_DIN0207_L6.3mm_D2.5mm_P2.54mm_Vertical</footprint>
      <libsource lib="device" part="R" description="Resistor"/>
      <sheetpath names="/" tstamps="/"/>
      <tstamp>5B9FD46A</tstamp>
    </comp>
    <comp ref="R4">
      <value>10K_1%</value>
      <footprint>Resistors_THT:R_Axial_DIN0207_L6.3mm_D2.5mm_P2.54mm_Vertical</footprint>
      <libsource lib="device" part="R" description="Resistor"/>
      <sheetpath names="/" tstamps="/"/>
      <tstamp>5B9FD46B</tstamp>
    </comp>
    <comp ref="R1">
      <value>12K_1%</value>
      <footprint>Resistors_THT:R_Axial_DIN0207_L6.3mm_D2.5mm_P2.54mm_Vertical</footprint>
      <libsource lib="device" part="R" description="Resistor"/>
      <sheetpath names="/" tstamps="/"/>
      <tstamp>5B9FD46C</tstamp>
    </comp>
    <comp ref="R3">
      <value>1K_1%</value>
      <footprint>Resistors_THT:R_Axial_DIN0207_L6.3mm_D2.5mm_P2.54mm_Vertical</footprint>
      <libsource lib="device" part="R" description="Resistor"/>
      <sheetpath names="/" tstamps="/"/>
      <tstamp>5B9FD46D</tstamp>
    </comp>
    <comp ref="C2">
      <value>1uF_ML</value>
      <footprint>Capacitors_THT:C_Disc_D3.8mm_W2.6mm_P2.50mm</footprint>
      <libsource lib="device" part="C" description="Unpolarized capacitor"/>
      <sheetpath names="/" tstamps="/"/>
      <tstamp>5B9FD46E</tstamp>
    </comp>
    <comp ref="U1">
      <value>LM358</value>
      <footprint>Housings_DIP:DIP-8_W7.62mm_LongPads</footprint>
      <libsource lib="linear" part="LM358" description="Low-Power, Dual Operational Amplifiers, DIP-8/SOIC-8/TO-99-8"/>
      <sheetpath names="/" tstamps="/"/>
      <tstamp>5B9FD46F</tstamp>
    </comp>
    <comp ref="R5">
      <value>12K_1%</value>
      <footprint>Resistors_THT:R_Axial_DIN0207_L6.3mm_D2.5mm_P2.54mm_Vertical</footprint>
      <libsource lib="device" part="R" description="Resistor"/>
      <sheetpath names="/" tstamps="/"/>
      <tstamp>5B9FD471</tstamp>
    </comp>
    <comp ref="R6">
      <value>10K_1%</value>
      <footprint>Resistors_THT:R_Axial_DIN0207_L6.3mm_D2.5mm_P2.54mm_Vertical</footprint>
      <libsource lib="device" part="R" description="Resistor"/>
      <sheetpath names="/" tstamps="/"/>
      <tstamp>5B9FD472</tstamp>
    </comp>
    <comp ref="U2">
      <value>CNY74-4</value>
      <footprint>Housings_DIP:DIP-16_W7.62mm_LongPads</footprint>
      <libsource lib="opto" part="CNY74-4" description="Quad DC Optocoupler, Vce 70V, CTR 100%, DIP-16"/>
      <sheetpath names="/" tstamps="/"/>
      <tstamp>5B9FD477</tstamp>
    </comp>
    <comp ref="R7">
      <value>10K_1%</value>
      <footprint>Resistors_THT:R_Axial_DIN0207_L6.3mm_D2.5mm_P2.54mm_Vertical</footprint>
      <libsource lib="device" part="R" description="Resistor"/>
      <sheetpath names="/" tstamps="/"/>
      <tstamp>5B9FD478</tstamp>
    </comp>
    <comp ref="R8">
      <value>10K_1%</value>
      <footprint>Resistors_THT:R_Axial_DIN0207_L6.3mm_D2.5mm_P2.54mm_Vertical</footprint>
      <libsource lib="device" part="R" description="Resistor"/>
      <sheetpath names="/" tstamps="/"/>
      <tstamp>5B9FD47D</tstamp>
    </comp>
    <comp ref="R9">
      <value>10K_1%</value>
      <footprint>Resistors_THT:R_Axial_DIN0207_L6.3mm_D2.5mm_P2.54mm_Vertical</footprint>
      <libsource lib="device" part="R" description="Resistor"/>
      <sheetpath names="/" tstamps="/"/>
      <tstamp>5B9FD482</tstamp>
    </comp>
    <comp ref="R10">
      <value>10K_1%</value>
      <footprint>Resistors_THT:R_Axial_DIN0207_L6.3mm_D2.5mm_P2.54mm_Vertical</footprint>
      <libsource lib="device" part="R" description="Resistor"/>
      <sheetpath names="/" tstamps="/"/>
      <tstamp>5B9FD487</tstamp>
    </comp>
    <comp ref="C1">
      <value>0.1uF_50V</value>
      <footprint>Capacitors_THT:C_Disc_D5.0mm_W2.5mm_P5.00mm</footprint>
      <libsource lib="device" part="C" description="Unpolarized capacitor"/>
      <sheetpath names="/" tstamps="/"/>
      <tstamp>5B9FD489</tstamp>
    </comp>
    <comp ref="C4">
      <value>1uF_ML</value>
      <footprint>Capacitors_THT:C_Disc_D3.8mm_W2.6mm_P2.50mm</footprint>
      <libsource lib="device" part="C" description="Unpolarized capacitor"/>
      <sheetpath names="/" tstamps="/"/>
      <tstamp>5B9FD48A</tstamp>
    </comp>
    <comp ref="C3">
      <value>1uF_ML</value>
      <footprint>Capacitors_THT:C_Disc_D3.8mm_W2.6mm_P2.50mm</footprint>
      <libsource lib="device" part="C" description="Unpolarized capacitor"/>
      <sheetpath names="/" tstamps="/"/>
      <tstamp>5B9FD48B</tstamp>
    </comp>
    <comp ref="C5">
      <value>1uF_ML</value>
      <footprint>Capacitors_THT:C_Disc_D3.8mm_W2.6mm_P2.50mm</footprint>
      <libsource lib="device" part="C" description="Unpolarized capacitor"/>
      <sheetpath names="/" tstamps="/"/>
      <tstamp>5B9FD48C</tstamp>
    </comp>
    <comp ref="C6">
      <value>1uF_ML</value>
      <footprint>Capacitors_THT:C_Disc_D3.8mm_W2.6mm_P2.50mm</footprint>
      <libsource lib="device" part="C" description="Unpolarized capacitor"/>
      <sheetpath names="/" tstamps="/"/>
      <tstamp>5B9FD48D</tstamp>
    </comp>
    <comp ref="R11">
      <value>470E</value>
      <footprint>Resistors_THT:R_Axial_DIN0207_L6.3mm_D2.5mm_P2.54mm_Vertical</footprint>
      <libsource lib="device" part="R" description="Resistor"/>
      <sheetpath names="/" tstamps="/"/>
      <tstamp>5B9FD48E</tstamp>
    </comp>
    <comp ref="D17">
      <value>LED_3</value>
      <footprint>LEDs:LED_D3.0mm</footprint>
      <libsource lib="device" part="LED" description="LED generic"/>
      <sheetpath names="/" tstamps="/"/>
      <tstamp>5B9FD48F</tstamp>
    </comp>
    <comp ref="R13">
      <value>470E</value>
      <footprint>Resistors_THT:R_Axial_DIN0207_L6.3mm_D2.5mm_P2.54mm_Vertical</footprint>
      <libsource lib="device" part="R" description="Resistor"/>
      <sheetpath names="/" tstamps="/"/>
      <tstamp>5B9FD492</tstamp>
    </comp>
    <comp ref="D18">
      <value>LED_3</value>
      <footprint>LEDs:LED_D3.0mm</footprint>
      <libsource lib="device" part="LED" description="LED generic"/>
      <sheetpath names="/" tstamps="/"/>
      <tstamp>5B9FD493</tstamp>
    </comp>
    <comp ref="R15">
      <value>470E</value>
      <footprint>Resistors_THT:R_Axial_DIN0207_L6.3mm_D2.5mm_P2.54mm_Vertical</footprint>
      <libsource lib="device" part="R" description="Resistor"/>
      <sheetpath names="/" tstamps="/"/>
      <tstamp>5B9FD494</tstamp>
    </comp>
    <comp ref="D19">
      <value>LED_3</value>
      <footprint>LEDs:LED_D3.0mm</footprint>
      <libsource lib="device" part="LED" description="LED generic"/>
      <sheetpath names="/" tstamps="/"/>
      <tstamp>5B9FD495</tstamp>
    </comp>
    <comp ref="R17">
      <value>470E</value>
      <footprint>Resistors_THT:R_Axial_DIN0207_L6.3mm_D2.5mm_P2.54mm_Vertical</footprint>
      <libsource lib="device" part="R" description="Resistor"/>
      <sheetpath names="/" tstamps="/"/>
      <tstamp>5B9FD496</tstamp>
    </comp>
    <comp ref="D20">
      <value>LED_3</value>
      <footprint>LEDs:LED_D3.0mm</footprint>
      <libsource lib="device" part="LED" description="LED generic"/>
      <sheetpath names="/" tstamps="/"/>
      <tstamp>5B9FD497</tstamp>
    </comp>
    <comp ref="R12">
      <value>10K</value>
      <footprint>Resistors_THT:R_Axial_DIN0207_L6.3mm_D2.5mm_P2.54mm_Vertical</footprint>
      <libsource lib="device" part="R" description="Resistor"/>
      <sheetpath names="/" tstamps="/"/>
      <tstamp>5B9FD498</tstamp>
    </comp>
    <comp ref="R14">
      <value>10K</value>
      <footprint>Resistors_THT:R_Axial_DIN0207_L6.3mm_D2.5mm_P2.54mm_Vertical</footprint>
      <libsource lib="device" part="R" description="Resistor"/>
      <sheetpath names="/" tstamps="/"/>
      <tstamp>5B9FD499</tstamp>
    </comp>
    <comp ref="R16">
      <value>10K</value>
      <footprint>Resistors_THT:R_Axial_DIN0207_L6.3mm_D2.5mm_P2.54mm_Vertical</footprint>
      <libsource lib="device" part="R" description="Resistor"/>
      <sheetpath names="/" tstamps="/"/>
      <tstamp>5B9FD49A</tstamp>
    </comp>
    <comp ref="R18">
      <value>10K</value>
      <footprint>Resistors_THT:R_Axial_DIN0207_L6.3mm_D2.5mm_P2.54mm_Vertical</footprint>
      <libsource lib="device" part="R" description="Resistor"/>
      <sheetpath names="/" tstamps="/"/>
      <tstamp>5B9FD49B</tstamp>
    </comp>
    <comp ref="D2">
      <value>1N4148</value>
      <footprint>Diodes_THT:D_DO-35_SOD27_P2.54mm_Vertical_KathodeUp</footprint>
      <libsource lib="diode" part="1N4148" description="100V 0.15A standard switching diode, DO-35"/>
      <sheetpath names="/" tstamps="/"/>
      <tstamp>5BA36717</tstamp>
    </comp>
    <comp ref="D4">
      <value>1N4148</value>
      <footprint>Diodes_THT:D_DO-35_SOD27_P2.54mm_Vertical_KathodeUp</footprint>
      <libsource lib="diode" part="1N4148" description="100V 0.15A standard switching diode, DO-35"/>
      <sheetpath names="/" tstamps="/"/>
      <tstamp>5BA367F8</tstamp>
    </comp>
    <comp ref="D3">
      <value>1N4148</value>
      <footprint>Diodes_THT:D_DO-35_SOD27_P2.54mm_Vertical_KathodeUp</footprint>
      <libsource lib="diode" part="1N4148" description="100V 0.15A standard switching diode, DO-35"/>
      <sheetpath names="/" tstamps="/"/>
      <tstamp>5BA368DF</tstamp>
    </comp>
    <comp ref="D1">
      <value>1N4148</value>
      <footprint>Diodes_THT:D_DO-35_SOD27_P2.54mm_Vertical_KathodeUp</footprint>
      <libsource lib="diode" part="1N4148" description="100V 0.15A standard switching diode, DO-35"/>
      <sheetpath names="/" tstamps="/"/>
      <tstamp>5BA3617A</tstamp>
    </comp>
    <comp ref="D5">
      <value>1N4148</value>
      <footprint>Diodes_THT:D_DO-35_SOD27_P2.54mm_Vertical_KathodeUp</footprint>
      <libsource lib="diode" part="1N4148" description="100V 0.15A standard switching diode, DO-35"/>
      <sheetpath names="/" tstamps="/"/>
      <tstamp>5BA36B64</tstamp>
    </comp>
    <comp ref="D8">
      <value>1N4148</value>
      <footprint>Diodes_THT:D_DO-35_SOD27_P2.54mm_Vertical_KathodeUp</footprint>
      <libsource lib="diode" part="1N4148" description="100V 0.15A standard switching diode, DO-35"/>
      <sheetpath names="/" tstamps="/"/>
      <tstamp>5BA36C4E</tstamp>
    </comp>
    <comp ref="D6">
      <value>1N4148</value>
      <footprint>Diodes_THT:D_DO-35_SOD27_P2.54mm_Vertical_KathodeUp</footprint>
      <libsource lib="diode" part="1N4148" description="100V 0.15A standard switching diode, DO-35"/>
      <sheetpath names="/" tstamps="/"/>
      <tstamp>5BA36D17</tstamp>
    </comp>
    <comp ref="D7">
      <value>1N4148</value>
      <footprint>Diodes_THT:D_DO-35_SOD27_P2.54mm_Vertical_KathodeUp</footprint>
      <libsource lib="diode" part="1N4148" description="100V 0.15A standard switching diode, DO-35"/>
      <sheetpath names="/" tstamps="/"/>
      <tstamp>5BA36DC5</tstamp>
    </comp>
    <comp ref="D9">
      <value>1N4148</value>
      <footprint>Diodes_THT:D_DO-35_SOD27_P2.54mm_Vertical_KathodeUp</footprint>
      <libsource lib="diode" part="1N4148" description="100V 0.15A standard switching diode, DO-35"/>
      <sheetpath names="/" tstamps="/"/>
      <tstamp>5BA37E9D</tstamp>
    </comp>
    <comp ref="D12">
      <value>1N4148</value>
      <footprint>Diodes_THT:D_DO-35_SOD27_P2.54mm_Vertical_KathodeUp</footprint>
      <libsource lib="diode" part="1N4148" description="100V 0.15A standard switching diode, DO-35"/>
      <sheetpath names="/" tstamps="/"/>
      <tstamp>5BA37F7D</tstamp>
    </comp>
    <comp ref="D13">
      <value>1N4148</value>
      <footprint>Diodes_THT:D_DO-35_SOD27_P2.54mm_Vertical_KathodeUp</footprint>
      <libsource lib="diode" part="1N4148" description="100V 0.15A standard switching diode, DO-35"/>
      <sheetpath names="/" tstamps="/"/>
      <tstamp>5BA38038</tstamp>
    </comp>
    <comp ref="D16">
      <value>1N4148</value>
      <footprint>Diodes_THT:D_DO-35_SOD27_P2.54mm_Vertical_KathodeUp</footprint>
      <libsource lib="diode" part="1N4148" description="100V 0.15A standard switching diode, DO-35"/>
      <sheetpath names="/" tstamps="/"/>
      <tstamp>5BA3814B</tstamp>
    </comp>
    <comp ref="D10">
      <value>1N4148</value>
      <footprint>Diodes_THT:D_DO-35_SOD27_P2.54mm_Vertical_KathodeUp</footprint>
      <libsource lib="diode" part="1N4148" description="100V 0.15A standard switching diode, DO-35"/>
      <sheetpath names="/" tstamps="/"/>
      <tstamp>5BA3820C</tstamp>
    </comp>
    <comp ref="D11">
      <value>1N4148</value>
      <footprint>Diodes_THT:D_DO-35_SOD27_P2.54mm_Vertical_KathodeUp</footprint>
      <libsource lib="diode" part="1N4148" description="100V 0.15A standard switching diode, DO-35"/>
      <sheetpath names="/" tstamps="/"/>
      <tstamp>5BA382DA</tstamp>
    </comp>
    <comp ref="D14">
      <value>1N4148</value>
      <footprint>Diodes_THT:D_DO-35_SOD27_P2.54mm_Vertical_KathodeUp</footprint>
      <libsource lib="diode" part="1N4148" description="100V 0.15A standard switching diode, DO-35"/>
      <sheetpath names="/" tstamps="/"/>
      <tstamp>5BA38393</tstamp>
    </comp>
    <comp ref="D15">
      <value>1N4148</value>
      <footprint>Diodes_THT:D_DO-35_SOD27_P2.54mm_Vertical_KathodeUp</footprint>
      <libsource lib="diode" part="1N4148" description="100V 0.15A standard switching diode, DO-35"/>
      <sheetpath names="/" tstamps="/"/>
      <tstamp>5BA38455</tstamp>
    </comp>
  </components>
  <libparts>
    <libpart lib="conn" part="Conn_02x08_Odd_Even">
      <description>Generic connector, double row, 02x08, odd/even pin numbering scheme (row 1 odd numbers, row 2 even numbers)</description>
      <docs>~</docs>
      <footprints>
        <fp>Connector*:*2x??x*mm*</fp>
        <fp>Connector*:*2x???Pitch*</fp>
        <fp>Pin_Header_Straight_2X*</fp>
        <fp>Pin_Header_Angled_2X*</fp>
        <fp>Socket_Strip_Straight_2X*</fp>
        <fp>Socket_Strip_Angled_2X*</fp>
      </footprints>
      <fields>
        <field name="Reference">J</field>
        <field name="Value">Conn_02x08_Odd_Even</field>
      </fields>
      <pins>
        <pin num="1" name="Pin_1" type="passive"/>
        <pin num="2" name="Pin_2" type="passive"/>
        <pin num="3" name="Pin_3" type="passive"/>
        <pin num="4" name="Pin_4" type="passive"/>
        <pin num="5" name="Pin_5" type="passive"/>
        <pin num="6" name="Pin_6" type="passive"/>
        <pin num="7" name="Pin_7" type="passive"/>
        <pin num="8" name="Pin_8" type="passive"/>
        <pin num="9" name="Pin_9" type="passive"/>
        <pin num="10" name="Pin_10" type="passive"/>
        <pin num="11" name="Pin_11" type="passive"/>
        <pin num="12" name="Pin_12" type="passive"/>
        <pin num="13" name="Pin_13" type="passive"/>
        <pin num="14" name="Pin_14" type="passive"/>
        <pin num="15" name="Pin_15" type="passive"/>
        <pin num="16" name="Pin_16" type="passive"/>
      </pins>
    </libpart>
    <libpart lib="conn" part="Screw_Terminal_01x08">
      <description>Generic screw terminal, single row, 01x08</description>
      <docs>~</docs>
      <footprints>
        <fp>Connector*Terminal*Block*:*</fp>
        <fp>TerminalBlock*</fp>
      </footprints>
      <fields>
        <field name="Reference">J</field>
        <field name="Value">Screw_Terminal_01x08</field>
      </fields>
      <pins>
        <pin num="1" name="Pin_1" type="passive"/>
        <pin num="2" name="Pin_2" type="passive"/>
        <pin num="3" name="Pin_3" type="passive"/>
        <pin num="4" name="Pin_4" type="passive"/>
        <pin num="5" name="Pin_5" type="passive"/>
        <pin num="6" name="Pin_6" type="passive"/>
        <pin num="7" name="Pin_7" type="passive"/>
        <pin num="8" name="Pin_8" type="passive"/>
      </pins>
    </libpart>
    <libpart lib="device" part="C">
      <description>Unpolarized capacitor</description>
      <footprints>
        <fp>C_*</fp>
      </footprints>
      <fields>
        <field name="Reference">C</field>
        <field name="Value">C</field>
      </fields>
      <pins>
        <pin num="1" name="~" type="passive"/>
        <pin num="2" name="~" type="passive"/>
      </pins>
    </libpart>
    <libpart lib="device" part="LED">
      <description>LED generic</description>
      <footprints>
        <fp>LED*</fp>
      </footprints>
      <fields>
        <field name="Reference">D</field>
        <field name="Value">LED</field>
      </fields>
      <pins>
        <pin num="1" name="K" type="passive"/>
        <pin num="2" name="A" type="passive"/>
      </pins>
    </libpart>
    <libpart lib="device" part="R">
      <description>Resistor</description>
      <footprints>
        <fp>R_*</fp>
        <fp>R_*</fp>
      </footprints>
      <fields>
        <field name="Reference">R</field>
        <field name="Value">R</field>
      </fields>
      <pins>
        <pin num="1" name="~" type="passive"/>
        <pin num="2" name="~" type="passive"/>
      </pins>
    </libpart>
    <libpart lib="diode" part="1N4148">
      <aliases>
        <alias>1N4448</alias>
        <alias>1N4149</alias>
        <alias>1N4151</alias>
        <alias>1N914</alias>
        <alias>BA243</alias>
        <alias>BA244</alias>
        <alias>BA282</alias>
        <alias>BA283</alias>
        <alias>BAV17</alias>
        <alias>BAV18</alias>
        <alias>BAV19</alias>
        <alias>BAV20</alias>
        <alias>BAV21</alias>
        <alias>BAW75</alias>
        <alias>BAW76</alias>
        <alias>BAY93</alias>
      </aliases>
      <description>100V 0.15A standard switching diode, DO-35</description>
      <docs>http://www.nxp.com/documents/data_sheet/1N4148_1N4448.pdf</docs>
      <footprints>
        <fp>D*DO?35*</fp>
        <fp>D*SOD27*</fp>
      </footprints>
      <fields>
        <field name="Reference">D</field>
        <field name="Value">1N4148</field>
        <field name="Footprint">Diodes_THT:D_DO-35_SOD27_Horizontal_RM10</field>
      </fields>
      <pins>
        <pin num="1" name="K" type="passive"/>
        <pin num="2" name="A" type="passive"/>
      </pins>
    </libpart>
    <libpart lib="linear" part="LM2904">
      <aliases>
        <alias>LM358</alias>
        <alias>AD8620</alias>
        <alias>LMC6062</alias>
        <alias>LMC6082</alias>
        <alias>TL062</alias>
        <alias>TL072</alias>
        <alias>TL082</alias>
        <alias>NE5532</alias>
        <alias>SA5532</alias>
        <alias>RC4558</alias>
        <alias>RC4560</alias>
        <alias>RC4580</alias>
        <alias>LMV358</alias>
        <alias>TS912</alias>
        <alias>TSV912IDT</alias>
        <alias>TSV912IST</alias>
        <alias>TLC272</alias>
        <alias>TLC277</alias>
        <alias>MCP602</alias>
        <alias>OPA2134</alias>
        <alias>OPA2340</alias>
        <alias>OPA2376xxD</alias>
        <alias>OPA2376xxDGK</alias>
        <alias>MC33078</alias>
        <alias>MC33178</alias>
        <alias>LM4562</alias>
        <alias>OP249</alias>
        <alias>OP275</alias>
        <alias>ADA4075-2</alias>
        <alias>MCP6002-xP</alias>
        <alias>MCP6002-xSN</alias>
        <alias>MCP6002-xMS</alias>
        <alias>LM7332</alias>
        <alias>OPA2333xxD</alias>
        <alias>OPA2333xxDGK</alias>
        <alias>LMC6482</alias>
        <alias>LT1492</alias>
        <alias>LTC6081xMS8</alias>
        <alias>LM6172</alias>
        <alias>MCP6L92</alias>
        <alias>NJM2043</alias>
        <alias>NJM2114</alias>
        <alias>NJM4556A</alias>
        <alias>NJM4558</alias>
        <alias>NJM4559</alias>
        <alias>NJM4560</alias>
        <alias>NJM4580</alias>
        <alias>NJM5532</alias>
        <alias>ADA4807-2ARM</alias>
        <alias>OPA2691</alias>
      </aliases>
      <description>Dual Operational Amplifiers, DIP-8/SOIC-8/TSSOP-8/VSSOP-8</description>
      <docs>http://www.ti.com/lit/ds/symlink/lm358.pdf</docs>
      <footprints>
        <fp>SOIC*3.9x4.9mm*Pitch1.27mm*</fp>
        <fp>DIP*W7.62mm*</fp>
        <fp>TO*99*</fp>
        <fp>OnSemi*Micro8*</fp>
        <fp>TSSOP*3x3mm*Pitch0.65mm*</fp>
        <fp>TSSOP*4.4x3mm*Pitch0.65mm*</fp>
        <fp>MSOP*3x3mm*Pitch0.65mm*</fp>
        <fp>SSOP*3.9x4.9mm*Pitch0.635mm*</fp>
        <fp>LFCSP*2x2mm*Pitch0.5mm*</fp>
        <fp>*SIP*</fp>
        <fp>SOIC*5.3x6.2mm*Pitch1.27mm*</fp>
      </footprints>
      <fields>
        <field name="Reference">U</field>
        <field name="Value">LM2904</field>
      </fields>
      <pins>
        <pin num="1" name="~" type="output"/>
        <pin num="2" name="-" type="input"/>
        <pin num="3" name="+" type="input"/>
        <pin num="4" name="V-" type="power_in"/>
        <pin num="5" name="+" type="input"/>
        <pin num="6" name="-" type="input"/>
        <pin num="7" name="~" type="output"/>
        <pin num="8" name="V+" type="power_in"/>
      </pins>
    </libpart>
    <libpart lib="opto" part="CNY74-4">
      <description>Quad DC Optocoupler, Vce 70V, CTR 100%, DIP-16</description>
      <footprints>
        <fp>DIP*W7.62mm*</fp>
      </footprints>
      <fields>
        <field name="Reference">U</field>
        <field name="Value">CNY74-4</field>
        <field name="Footprint">Housings_DIP:DIP-16_W7.62mm</field>
      </fields>
      <pins>
        <pin num="1" name="~" type="passive"/>
        <pin num="2" name="~" type="passive"/>
        <pin num="3" name="~" type="passive"/>
        <pin num="4" name="~" type="passive"/>
        <pin num="5" name="~" type="passive"/>
        <pin num="6" name="~" type="passive"/>
        <pin num="7" name="~" type="passive"/>
        <pin num="8" name="~" type="passive"/>
        <pin num="9" name="~" type="passive"/>
        <pin num="10" name="~" type="passive"/>
        <pin num="11" name="~" type="passive"/>
        <pin num="12" name="~" type="passive"/>
        <pin num="13" name="~" type="passive"/>
        <pin num="14" name="~" type="passive"/>
        <pin num="15" name="~" type="passive"/>
        <pin num="16" name="~" type="passive"/>
      </pins>
    </libpart>
  </libparts>
  <libraries>
    <library logical="conn">
      <uri>/home/daniel/kicad/library/conn.lib</uri>
    </library>
    <library logical="device">
      <uri>/home/daniel/kicad/library/device.lib</uri>
    </library>
    <library logical="diode">
      <uri>/home/daniel/kicad/library/diode.lib</uri>
    </library>
    <library logical="linear">
      <uri>/home/daniel/kicad/library/linear.lib</uri>
    </library>
    <library logical="opto">
      <uri>/home/daniel/kicad/library/opto.lib</uri>
    </library>
  </libraries>
  <nets>
    <net code="1" name="Net-(D20-Pad2)">
      <node ref="D20" pin="2"/>
      <node ref="R17" pin="2"/>
    </net>
    <net code="2" name="Net-(D19-Pad2)">
      <node ref="D19" pin="2"/>
      <node ref="R15" pin="2"/>
    </net>
    <net code="3" name="/REF">
      <node ref="J1" pin="3"/>
      <node ref="J1" pin="6"/>
      <node ref="R1" pin="2"/>
      <node ref="R3" pin="1"/>
      <node ref="U1" pin="1"/>
    </net>
    <net code="4" name="/RA5">
      <node ref="U2" pin="10"/>
      <node ref="J2" pin="5"/>
      <node ref="J2" pin="6"/>
      <node ref="R18" pin="1"/>
      <node ref="D20" pin="1"/>
    </net>
    <net code="5" name="/RE0">
      <node ref="J2" pin="8"/>
      <node ref="J2" pin="7"/>
      <node ref="R16" pin="1"/>
      <node ref="D19" pin="1"/>
      <node ref="U2" pin="11"/>
    </net>
    <net code="6" name="/RE1">
      <node ref="D18" pin="1"/>
      <node ref="J2" pin="10"/>
      <node ref="J2" pin="9"/>
      <node ref="U2" pin="14"/>
      <node ref="R14" pin="1"/>
    </net>
    <net code="7" name="/RE2">
      <node ref="D17" pin="1"/>
      <node ref="U2" pin="15"/>
      <node ref="J2" pin="12"/>
      <node ref="J2" pin="11"/>
      <node ref="R12" pin="1"/>
    </net>
    <net code="8" name="/6">
      <node ref="D10" pin="2"/>
      <node ref="U2" pin="6"/>
      <node ref="D12" pin="2"/>
      <node ref="C5" pin="2"/>
    </net>
    <net code="9" name="Net-(C5-Pad1)">
      <node ref="D11" pin="1"/>
      <node ref="C5" pin="1"/>
      <node ref="R9" pin="1"/>
      <node ref="D9" pin="1"/>
    </net>
    <net code="10" name="/1">
      <node ref="U2" pin="1"/>
      <node ref="R7" pin="2"/>
    </net>
    <net code="11" name="/3">
      <node ref="D6" pin="2"/>
      <node ref="C4" pin="2"/>
      <node ref="U2" pin="3"/>
      <node ref="D8" pin="2"/>
    </net>
    <net code="12" name="/8">
      <node ref="R10" pin="2"/>
      <node ref="U2" pin="8"/>
    </net>
    <net code="13" name="/7">
      <node ref="D16" pin="2"/>
      <node ref="D14" pin="2"/>
      <node ref="U2" pin="7"/>
      <node ref="C6" pin="2"/>
    </net>
    <net code="14" name="/VDD">
      <node ref="R17" pin="1"/>
      <node ref="J2" pin="4"/>
      <node ref="R18" pin="2"/>
      <node ref="J2" pin="3"/>
      <node ref="R13" pin="1"/>
      <node ref="R15" pin="1"/>
      <node ref="R11" pin="1"/>
      <node ref="R14" pin="2"/>
      <node ref="R12" pin="2"/>
      <node ref="R16" pin="2"/>
    </net>
    <net code="15" name="Net-(D18-Pad2)">
      <node ref="D18" pin="2"/>
      <node ref="R13" pin="2"/>
    </net>
    <net code="16" name="Net-(D17-Pad2)">
      <node ref="D17" pin="2"/>
      <node ref="R11" pin="2"/>
    </net>
    <net code="17" name="Net-(C4-Pad1)">
      <node ref="R8" pin="1"/>
      <node ref="C4" pin="1"/>
      <node ref="D7" pin="1"/>
      <node ref="D5" pin="1"/>
    </net>
    <net code="18" name="/2">
      <node ref="D2" pin="2"/>
      <node ref="D4" pin="2"/>
      <node ref="U2" pin="2"/>
      <node ref="C3" pin="2"/>
    </net>
    <net code="19" name="/4">
      <node ref="U2" pin="4"/>
      <node ref="R8" pin="2"/>
    </net>
    <net code="20" name="/5">
      <node ref="R9" pin="2"/>
      <node ref="U2" pin="5"/>
    </net>
    <net code="21" name="/XF">
      <node ref="D13" pin="2"/>
      <node ref="J1" pin="8"/>
      <node ref="D14" pin="1"/>
    </net>
    <net code="22" name="Net-(C6-Pad1)">
      <node ref="R10" pin="1"/>
      <node ref="D15" pin="1"/>
      <node ref="C6" pin="1"/>
      <node ref="D13" pin="1"/>
    </net>
    <net code="23" name="/XE">
      <node ref="D9" pin="2"/>
      <node ref="D10" pin="1"/>
      <node ref="J1" pin="7"/>
    </net>
    <net code="24" name="/AC">
      <node ref="D7" pin="2"/>
      <node ref="D3" pin="2"/>
      <node ref="D8" pin="1"/>
      <node ref="D11" pin="2"/>
      <node ref="D15" pin="2"/>
      <node ref="D16" pin="1"/>
      <node ref="D4" pin="1"/>
      <node ref="D12" pin="1"/>
      <node ref="U1" pin="7"/>
      <node ref="U1" pin="6"/>
    </net>
    <net code="25" name="/XD">
      <node ref="D6" pin="1"/>
      <node ref="D5" pin="2"/>
      <node ref="J1" pin="5"/>
    </net>
    <net code="26" name="/XC">
      <node ref="D1" pin="2"/>
      <node ref="D2" pin="1"/>
      <node ref="J1" pin="4"/>
    </net>
    <net code="27" name="/VAA">
      <node ref="J2" pin="13"/>
      <node ref="J2" pin="14"/>
    </net>
    <net code="28" name="Net-(R5-Pad2)">
      <node ref="U1" pin="5"/>
      <node ref="R5" pin="2"/>
      <node ref="R6" pin="1"/>
    </net>
    <net code="29" name="Net-(C2-Pad1)">
      <node ref="R3" pin="2"/>
      <node ref="C2" pin="1"/>
      <node ref="U1" pin="2"/>
    </net>
    <net code="30" name="/GND">
      <node ref="U2" pin="16"/>
      <node ref="U2" pin="13"/>
      <node ref="U2" pin="12"/>
      <node ref="U2" pin="9"/>
      <node ref="J2" pin="15"/>
      <node ref="R4" pin="2"/>
      <node ref="U1" pin="4"/>
      <node ref="R6" pin="2"/>
      <node ref="C2" pin="2"/>
      <node ref="J2" pin="1"/>
      <node ref="J2" pin="2"/>
      <node ref="U1" pin="4"/>
      <node ref="J2" pin="16"/>
      <node ref="J1" pin="1"/>
      <node ref="C1" pin="2"/>
    </net>
    <net code="31" name="Net-(R1-Pad1)">
      <node ref="R4" pin="1"/>
      <node ref="U1" pin="3"/>
      <node ref="R1" pin="1"/>
      <node ref="R2" pin="2"/>
    </net>
    <net code="32" name="/L+">
      <node ref="J1" pin="2"/>
      <node ref="R2" pin="1"/>
      <node ref="U1" pin="8"/>
      <node ref="U1" pin="8"/>
      <node ref="R5" pin="1"/>
      <node ref="C1" pin="1"/>
    </net>
    <net code="33" name="Net-(C3-Pad1)">
      <node ref="C3" pin="1"/>
      <node ref="D3" pin="1"/>
      <node ref="D1" pin="1"/>
      <node ref="R7" pin="1"/>
    </net>
  </nets>
</export>
