<?xml version="1.0" encoding="UTF-8"?>
<export version="D">
  <design>
    <source>/home/daniel/OSIMPLC/Hardware/OSIMPLC_Outputs_V2.0/o4r/o4r.sch</source>
    <date>dom 04 nov 2018 12:10:26 -03</date>
    <tool>Eeschema 5.0.1</tool>
    <sheet number="1" name="/" tstamps="/">
      <title_block>
        <title>OSIMPLC 04T</title>
        <company>4 NPN TRANSISTOR OUTPUTS</company>
        <rev>1.0</rev>
        <date>2017-10-25</date>
        <source>o4r.sch</source>
        <comment number="1" value=""/>
        <comment number="2" value=""/>
        <comment number="3" value=""/>
        <comment number="4" value=""/>
      </title_block>
    </sheet>
  </design>
  <components>
    <comp ref="J1">
      <value>Pin_Angled_02x08</value>
      <footprint>Pin_Headers:Pin_Header_Angled_2x08_Pitch2.54mm</footprint>
      <libsource lib="conn" part="Conn_02x08_Odd_Even" description="Generic connector, double row, 02x08, odd/even pin numbering scheme (row 1 odd numbers, row 2 even numbers)"/>
      <sheetpath names="/" tstamps="/"/>
      <tstamp>59EA1E5E</tstamp>
    </comp>
    <comp ref="R1">
      <value>22K</value>
      <footprint>Resistors_THT:R_Axial_DIN0207_L6.3mm_D2.5mm_P2.54mm_Vertical</footprint>
      <libsource lib="device" part="R" description="Resistor"/>
      <sheetpath names="/" tstamps="/"/>
      <tstamp>59EA1F21</tstamp>
    </comp>
    <comp ref="F2">
      <value>Fuse</value>
      <footprint>Fuse_Holders_and_Fuses:Fuseholder5x20_horiz_SemiClosed_Casing10x25mm</footprint>
      <libsource lib="device" part="Fuse" description="Fuse, generic"/>
      <sheetpath names="/" tstamps="/"/>
      <tstamp>59EA11F7</tstamp>
    </comp>
    <comp ref="F1">
      <value>Fuse</value>
      <footprint>Fuse_Holders_and_Fuses:Fuseholder5x20_horiz_SemiClosed_Casing10x25mm</footprint>
      <libsource lib="device" part="Fuse" description="Fuse, generic"/>
      <sheetpath names="/" tstamps="/"/>
      <tstamp>59EA219E</tstamp>
    </comp>
    <comp ref="J2">
      <value>Screw_Terminal_02x10</value>
      <footprint>TerminalBlock_2levels:TerminalBlock_10pol_2levels_5mm</footprint>
      <libsource lib="conn" part="Screw_Terminal_02x10" description="Generic screw terminal, single row, 01x10"/>
      <sheetpath names="/" tstamps="/"/>
      <tstamp>59F67336</tstamp>
    </comp>
    <comp ref="D1">
      <value>1N4007</value>
      <footprint>Diodes_THT:D_DO-41_SOD81_P2.54mm_Vertical_KathodeUp</footprint>
      <libsource lib="diode" part="1N4007" description="1000V 1A General Purpose Rectifier Diode, DO-41"/>
      <sheetpath names="/" tstamps="/"/>
      <tstamp>59FB35EA</tstamp>
    </comp>
    <comp ref="RV1">
      <value>07N680K</value>
      <footprint>Varistors:RV_Disc_D7_W3.4_P5</footprint>
      <libsource lib="device" part="Varistor" description="Voltage dependent resistor"/>
      <sheetpath names="/" tstamps="/"/>
      <tstamp>59FB75FF</tstamp>
    </comp>
    <comp ref="K1">
      <value>FINDER-30.22</value>
      <footprint>Relays_THT:Relay_DPDT_Finder_30.22</footprint>
      <libsource lib="relays" part="FINDER-30.22" description="FINDER 30.52, Dual Pole Relay, Subminiature 5mm Pitch, 2A"/>
      <sheetpath names="/" tstamps="/"/>
      <tstamp>5A03DBD0</tstamp>
    </comp>
    <comp ref="R2">
      <value>22K</value>
      <footprint>Resistors_THT:R_Axial_DIN0207_L6.3mm_D2.5mm_P2.54mm_Vertical</footprint>
      <libsource lib="device" part="R" description="Resistor"/>
      <sheetpath names="/" tstamps="/"/>
      <tstamp>5A03F594</tstamp>
    </comp>
    <comp ref="F3">
      <value>Fuse</value>
      <footprint>Fuse_Holders_and_Fuses:Fuseholder5x20_horiz_SemiClosed_Casing10x25mm</footprint>
      <libsource lib="device" part="Fuse" description="Fuse, generic"/>
      <sheetpath names="/" tstamps="/"/>
      <tstamp>5A03F59A</tstamp>
    </comp>
    <comp ref="D2">
      <value>1N4007</value>
      <footprint>Diodes_THT:D_DO-41_SOD81_P2.54mm_Vertical_KathodeUp</footprint>
      <libsource lib="diode" part="1N4007" description="1000V 1A General Purpose Rectifier Diode, DO-41"/>
      <sheetpath names="/" tstamps="/"/>
      <tstamp>5A03F5A9</tstamp>
    </comp>
    <comp ref="RV2">
      <value>07N680K</value>
      <footprint>Varistors:RV_Disc_D7_W3.4_P5</footprint>
      <libsource lib="device" part="Varistor" description="Voltage dependent resistor"/>
      <sheetpath names="/" tstamps="/"/>
      <tstamp>5A03F5BF</tstamp>
    </comp>
    <comp ref="K2">
      <value>FINDER-30.22</value>
      <footprint>Relays_THT:Relay_DPDT_Finder_30.22</footprint>
      <libsource lib="relays" part="FINDER-30.22" description="FINDER 30.52, Dual Pole Relay, Subminiature 5mm Pitch, 2A"/>
      <sheetpath names="/" tstamps="/"/>
      <tstamp>5A03F5CD</tstamp>
    </comp>
    <comp ref="R3">
      <value>22K</value>
      <footprint>Resistors_THT:R_Axial_DIN0207_L6.3mm_D2.5mm_P2.54mm_Vertical</footprint>
      <libsource lib="device" part="R" description="Resistor"/>
      <sheetpath names="/" tstamps="/"/>
      <tstamp>5A03F804</tstamp>
    </comp>
    <comp ref="F4">
      <value>Fuse</value>
      <footprint>Fuse_Holders_and_Fuses:Fuseholder5x20_horiz_SemiClosed_Casing10x25mm</footprint>
      <libsource lib="device" part="Fuse" description="Fuse, generic"/>
      <sheetpath names="/" tstamps="/"/>
      <tstamp>5A03F80A</tstamp>
    </comp>
    <comp ref="D3">
      <value>1N4007</value>
      <footprint>Diodes_THT:D_DO-41_SOD81_P2.54mm_Vertical_KathodeUp</footprint>
      <libsource lib="diode" part="1N4007" description="1000V 1A General Purpose Rectifier Diode, DO-41"/>
      <sheetpath names="/" tstamps="/"/>
      <tstamp>5A03F819</tstamp>
    </comp>
    <comp ref="RV3">
      <value>07N680K</value>
      <footprint>Varistors:RV_Disc_D7_W3.4_P5</footprint>
      <libsource lib="device" part="Varistor" description="Voltage dependent resistor"/>
      <sheetpath names="/" tstamps="/"/>
      <tstamp>5A03F82F</tstamp>
    </comp>
    <comp ref="K3">
      <value>FINDER-30.22</value>
      <footprint>Relays_THT:Relay_DPDT_Finder_30.22</footprint>
      <libsource lib="relays" part="FINDER-30.22" description="FINDER 30.52, Dual Pole Relay, Subminiature 5mm Pitch, 2A"/>
      <sheetpath names="/" tstamps="/"/>
      <tstamp>5A03F83D</tstamp>
    </comp>
    <comp ref="R4">
      <value>22K</value>
      <footprint>Resistors_THT:R_Axial_DIN0207_L6.3mm_D2.5mm_P2.54mm_Vertical</footprint>
      <libsource lib="device" part="R" description="Resistor"/>
      <sheetpath names="/" tstamps="/"/>
      <tstamp>5A03FB0A</tstamp>
    </comp>
    <comp ref="F5">
      <value>Fuse</value>
      <footprint>Fuse_Holders_and_Fuses:Fuseholder5x20_horiz_SemiClosed_Casing10x25mm</footprint>
      <libsource lib="device" part="Fuse" description="Fuse, generic"/>
      <sheetpath names="/" tstamps="/"/>
      <tstamp>5A03FB10</tstamp>
    </comp>
    <comp ref="D4">
      <value>1N4007</value>
      <footprint>Diodes_THT:D_DO-41_SOD81_P2.54mm_Vertical_KathodeUp</footprint>
      <libsource lib="diode" part="1N4007" description="1000V 1A General Purpose Rectifier Diode, DO-41"/>
      <sheetpath names="/" tstamps="/"/>
      <tstamp>5A03FB1F</tstamp>
    </comp>
    <comp ref="RV4">
      <value>07N680K</value>
      <footprint>Varistors:RV_Disc_D7_W3.4_P5</footprint>
      <libsource lib="device" part="Varistor" description="Voltage dependent resistor"/>
      <sheetpath names="/" tstamps="/"/>
      <tstamp>5A03FB35</tstamp>
    </comp>
    <comp ref="K4">
      <value>FINDER-30.22</value>
      <footprint>Relays_THT:Relay_DPDT_Finder_30.22</footprint>
      <libsource lib="relays" part="FINDER-30.22" description="FINDER 30.52, Dual Pole Relay, Subminiature 5mm Pitch, 2A"/>
      <sheetpath names="/" tstamps="/"/>
      <tstamp>5A03FB43</tstamp>
    </comp>
    <comp ref="Q1">
      <value>BD139</value>
      <footprint>TO_SOT_Packages_THT:TO-126_Vertical</footprint>
      <libsource lib="transistors" part="BD139" description="Vce 80V, Ic 1.5A, Low Voltage Transistor, TO-126"/>
      <sheetpath names="/" tstamps="/"/>
      <tstamp>5A401E60</tstamp>
    </comp>
    <comp ref="Q2">
      <value>BD139</value>
      <footprint>TO_SOT_Packages_THT:TO-126_Vertical</footprint>
      <libsource lib="transistors" part="BD139" description="Vce 80V, Ic 1.5A, Low Voltage Transistor, TO-126"/>
      <sheetpath names="/" tstamps="/"/>
      <tstamp>5A401EF3</tstamp>
    </comp>
    <comp ref="Q3">
      <value>BD139</value>
      <footprint>TO_SOT_Packages_THT:TO-126_Vertical</footprint>
      <libsource lib="transistors" part="BD139" description="Vce 80V, Ic 1.5A, Low Voltage Transistor, TO-126"/>
      <sheetpath names="/" tstamps="/"/>
      <tstamp>5A401FD1</tstamp>
    </comp>
    <comp ref="Q4">
      <value>BD139</value>
      <footprint>TO_SOT_Packages_THT:TO-126_Vertical</footprint>
      <libsource lib="transistors" part="BD139" description="Vce 80V, Ic 1.5A, Low Voltage Transistor, TO-126"/>
      <sheetpath names="/" tstamps="/"/>
      <tstamp>5A402082</tstamp>
    </comp>
    <comp ref="R5">
      <value>10K</value>
      <footprint>Resistors_THT:R_Axial_DIN0207_L6.3mm_D2.5mm_P2.54mm_Vertical</footprint>
      <libsource lib="device" part="R" description="Resistor"/>
      <sheetpath names="/" tstamps="/"/>
      <tstamp>5A85BFE7</tstamp>
    </comp>
    <comp ref="R6">
      <value>10K</value>
      <footprint>Resistors_THT:R_Axial_DIN0207_L6.3mm_D2.5mm_P2.54mm_Vertical</footprint>
      <libsource lib="device" part="R" description="Resistor"/>
      <sheetpath names="/" tstamps="/"/>
      <tstamp>5A85C198</tstamp>
    </comp>
    <comp ref="R7">
      <value>10K</value>
      <footprint>Resistors_THT:R_Axial_DIN0207_L6.3mm_D2.5mm_P2.54mm_Vertical</footprint>
      <libsource lib="device" part="R" description="Resistor"/>
      <sheetpath names="/" tstamps="/"/>
      <tstamp>5A85C289</tstamp>
    </comp>
    <comp ref="R8">
      <value>10K</value>
      <footprint>Resistors_THT:R_Axial_DIN0207_L6.3mm_D2.5mm_P2.54mm_Vertical</footprint>
      <libsource lib="device" part="R" description="Resistor"/>
      <sheetpath names="/" tstamps="/"/>
      <tstamp>5A85C387</tstamp>
    </comp>
  </components>
  <libparts>
    <libpart lib="conn" part="Conn_02x08_Odd_Even">
      <description>Generic connector, double row, 02x08, odd/even pin numbering scheme (row 1 odd numbers, row 2 even numbers)</description>
      <docs>~</docs>
      <footprints>
        <fp>Connector*:*2x??x*mm*</fp>
        <fp>Connector*:*2x???Pitch*</fp>
        <fp>Pin_Header_Straight_2X*</fp>
        <fp>Pin_Header_Angled_2X*</fp>
        <fp>Socket_Strip_Straight_2X*</fp>
        <fp>Socket_Strip_Angled_2X*</fp>
      </footprints>
      <fields>
        <field name="Reference">J</field>
        <field name="Value">Conn_02x08_Odd_Even</field>
      </fields>
      <pins>
        <pin num="1" name="Pin_1" type="passive"/>
        <pin num="2" name="Pin_2" type="passive"/>
        <pin num="3" name="Pin_3" type="passive"/>
        <pin num="4" name="Pin_4" type="passive"/>
        <pin num="5" name="Pin_5" type="passive"/>
        <pin num="6" name="Pin_6" type="passive"/>
        <pin num="7" name="Pin_7" type="passive"/>
        <pin num="8" name="Pin_8" type="passive"/>
        <pin num="9" name="Pin_9" type="passive"/>
        <pin num="10" name="Pin_10" type="passive"/>
        <pin num="11" name="Pin_11" type="passive"/>
        <pin num="12" name="Pin_12" type="passive"/>
        <pin num="13" name="Pin_13" type="passive"/>
        <pin num="14" name="Pin_14" type="passive"/>
        <pin num="15" name="Pin_15" type="passive"/>
        <pin num="16" name="Pin_16" type="passive"/>
      </pins>
    </libpart>
    <libpart lib="conn" part="Screw_Terminal_02x10">
      <description>Generic screw terminal, single row, 01x10</description>
      <docs>~</docs>
      <footprints>
        <fp>Connector*Terminal*Block*:*</fp>
        <fp>TerminalBlock*</fp>
      </footprints>
      <fields>
        <field name="Reference">J</field>
        <field name="Value">Screw_Terminal_02x10</field>
      </fields>
      <pins>
        <pin num="1" name="Pin_1" type="passive"/>
        <pin num="2" name="Pin_2" type="passive"/>
        <pin num="3" name="Pin_3" type="passive"/>
        <pin num="4" name="Pin_4" type="passive"/>
        <pin num="5" name="Pin_5" type="passive"/>
        <pin num="6" name="Pin_6" type="passive"/>
        <pin num="7" name="Pin_7" type="passive"/>
        <pin num="8" name="Pin_8" type="passive"/>
        <pin num="9" name="Pin_9" type="passive"/>
        <pin num="10" name="Pin_10" type="passive"/>
      </pins>
    </libpart>
    <libpart lib="device" part="Fuse">
      <description>Fuse, generic</description>
      <footprints>
        <fp>*Fuse*</fp>
      </footprints>
      <fields>
        <field name="Reference">F</field>
        <field name="Value">Fuse</field>
      </fields>
      <pins>
        <pin num="1" name="~" type="passive"/>
        <pin num="2" name="~" type="passive"/>
      </pins>
    </libpart>
    <libpart lib="device" part="R">
      <description>Resistor</description>
      <footprints>
        <fp>R_*</fp>
        <fp>R_*</fp>
      </footprints>
      <fields>
        <field name="Reference">R</field>
        <field name="Value">R</field>
      </fields>
      <pins>
        <pin num="1" name="~" type="passive"/>
        <pin num="2" name="~" type="passive"/>
      </pins>
    </libpart>
    <libpart lib="device" part="Varistor">
      <description>Voltage dependent resistor</description>
      <footprints>
        <fp>RV_*</fp>
        <fp>Varistor*</fp>
      </footprints>
      <fields>
        <field name="Reference">RV</field>
        <field name="Value">Varistor</field>
      </fields>
      <pins>
        <pin num="1" name="~" type="passive"/>
        <pin num="2" name="~" type="passive"/>
      </pins>
    </libpart>
    <libpart lib="diode" part="1N4001">
      <aliases>
        <alias>1N4002</alias>
        <alias>1N4003</alias>
        <alias>1N4004</alias>
        <alias>1N4005</alias>
        <alias>1N4006</alias>
        <alias>1N4007</alias>
        <alias>BA157</alias>
        <alias>BA158</alias>
        <alias>BA159</alias>
      </aliases>
      <description>50V 1A General Purpose Rectifier Diode, DO-41</description>
      <docs>http://www.vishay.com/docs/88503/1n4001.pdf</docs>
      <footprints>
        <fp>D*DO?41*</fp>
        <fp>D*DO?204AL*</fp>
        <fp>D*SOD81*</fp>
      </footprints>
      <fields>
        <field name="Reference">D</field>
        <field name="Value">1N4001</field>
        <field name="Footprint">Diodes_THT:D_DO-41_SOD81_Horizontal_RM10</field>
      </fields>
      <pins>
        <pin num="1" name="K" type="passive"/>
        <pin num="2" name="A" type="passive"/>
      </pins>
    </libpart>
    <libpart lib="relays" part="FINDER-40.52">
      <aliases>
        <alias>FINDER-41.52</alias>
        <alias>FINDER-44.52</alias>
        <alias>FINDER-44.62</alias>
        <alias>FINDER-30.22</alias>
        <alias>RSM822</alias>
        <alias>RM84</alias>
      </aliases>
      <description>FINDER 40.52, Dual Pole Relay, 5mm Pitch, 10A</description>
      <docs>http://gfinder.findernet.com/assets/Series/353/S40EN.pdf</docs>
      <footprints>
        <fp>Relay*DPDT*Finder*40.52*</fp>
      </footprints>
      <fields>
        <field name="Reference">K</field>
        <field name="Value">FINDER-40.52</field>
        <field name="Footprint">Relays_THT:Relay_DPDT_Finder_40.52</field>
      </fields>
      <pins>
        <pin num="11" name="~" type="passive"/>
        <pin num="12" name="~" type="passive"/>
        <pin num="14" name="~" type="passive"/>
        <pin num="21" name="~" type="passive"/>
        <pin num="22" name="~" type="passive"/>
        <pin num="24" name="~" type="passive"/>
        <pin num="A1" name="~" type="passive"/>
        <pin num="A2" name="~" type="passive"/>
      </pins>
    </libpart>
    <libpart lib="transistors" part="BD139">
      <aliases>
        <alias>BD135</alias>
        <alias>BD137</alias>
        <alias>BD233</alias>
        <alias>BD235</alias>
        <alias>BD237</alias>
      </aliases>
      <description>Vce 80V, Ic 1.5A, Low Voltage Transistor, TO-126</description>
      <docs>http://www.st.com/internet/com/TECHNICAL_RESOURCES/TECHNICAL_LITERATURE/DATASHEET/CD00001225.pdf</docs>
      <footprints>
        <fp>TO?126*</fp>
      </footprints>
      <fields>
        <field name="Reference">Q</field>
        <field name="Value">BD139</field>
        <field name="Footprint">TO_SOT_Packages_THT:TO-126_Vertical</field>
      </fields>
      <pins>
        <pin num="1" name="E" type="passive"/>
        <pin num="2" name="C" type="passive"/>
        <pin num="3" name="B" type="input"/>
      </pins>
    </libpart>
  </libparts>
  <libraries>
    <library logical="conn">
      <uri>/home/daniel/kicad/library/conn.lib</uri>
    </library>
    <library logical="device">
      <uri>/home/daniel/kicad/library/device.lib</uri>
    </library>
    <library logical="diode">
      <uri>/home/daniel/kicad/library/diode.lib</uri>
    </library>
    <library logical="relays">
      <uri>/home/daniel/kicad/library/relays.lib</uri>
    </library>
    <library logical="transistors">
      <uri>/home/daniel/kicad/library/transistors.lib</uri>
    </library>
  </libraries>
  <nets>
    <net code="1" name="Net-(Q4-Pad3)">
      <node ref="Q4" pin="3"/>
      <node ref="R4" pin="2"/>
      <node ref="R8" pin="1"/>
    </net>
    <net code="2" name="/OUT4">
      <node ref="J1" pin="1"/>
      <node ref="J1" pin="2"/>
      <node ref="R4" pin="1"/>
    </net>
    <net code="3" name="/C4">
      <node ref="J2" pin="2"/>
      <node ref="F5" pin="1"/>
    </net>
    <net code="4" name="Net-(K3-Pad22)">
      <node ref="K3" pin="22"/>
    </net>
    <net code="5" name="Net-(K3-Pad12)">
      <node ref="K3" pin="12"/>
    </net>
    <net code="6" name="Net-(K4-Pad12)">
      <node ref="K4" pin="12"/>
    </net>
    <net code="7" name="/GND">
      <node ref="Q1" pin="1"/>
      <node ref="J2" pin="10"/>
      <node ref="R7" pin="2"/>
      <node ref="Q4" pin="1"/>
      <node ref="R6" pin="2"/>
      <node ref="R5" pin="2"/>
      <node ref="Q2" pin="1"/>
      <node ref="Q3" pin="1"/>
      <node ref="R8" pin="2"/>
    </net>
    <net code="8" name="Net-(F5-Pad2)">
      <node ref="RV4" pin="2"/>
      <node ref="K4" pin="11"/>
      <node ref="K4" pin="21"/>
      <node ref="F5" pin="2"/>
    </net>
    <net code="9" name="/Q4">
      <node ref="K4" pin="24"/>
      <node ref="K4" pin="14"/>
      <node ref="RV4" pin="1"/>
      <node ref="J2" pin="1"/>
    </net>
    <net code="10" name="/+VC">
      <node ref="K4" pin="A1"/>
      <node ref="D1" pin="1"/>
      <node ref="J1" pin="4"/>
      <node ref="D3" pin="1"/>
      <node ref="K3" pin="A1"/>
      <node ref="D4" pin="1"/>
      <node ref="J1" pin="6"/>
      <node ref="J1" pin="13"/>
      <node ref="F1" pin="2"/>
      <node ref="J1" pin="14"/>
      <node ref="J1" pin="12"/>
      <node ref="J1" pin="11"/>
      <node ref="J1" pin="5"/>
      <node ref="J1" pin="3"/>
      <node ref="D2" pin="1"/>
      <node ref="K2" pin="A1"/>
      <node ref="K1" pin="A1"/>
    </net>
    <net code="11" name="Net-(D4-Pad2)">
      <node ref="D4" pin="2"/>
      <node ref="Q4" pin="2"/>
      <node ref="K4" pin="A2"/>
    </net>
    <net code="12" name="/C3">
      <node ref="F4" pin="1"/>
      <node ref="J2" pin="4"/>
    </net>
    <net code="13" name="Net-(Q3-Pad3)">
      <node ref="R7" pin="1"/>
      <node ref="R3" pin="2"/>
      <node ref="Q3" pin="3"/>
    </net>
    <net code="14" name="/OUT3">
      <node ref="J1" pin="8"/>
      <node ref="J1" pin="7"/>
      <node ref="R3" pin="1"/>
    </net>
    <net code="15" name="Net-(K2-Pad22)">
      <node ref="K2" pin="22"/>
    </net>
    <net code="16" name="Net-(K2-Pad12)">
      <node ref="K2" pin="12"/>
    </net>
    <net code="17" name="Net-(F4-Pad2)">
      <node ref="K3" pin="11"/>
      <node ref="RV3" pin="2"/>
      <node ref="K3" pin="21"/>
      <node ref="F4" pin="2"/>
    </net>
    <net code="18" name="/Q3">
      <node ref="RV3" pin="1"/>
      <node ref="J2" pin="3"/>
      <node ref="K3" pin="24"/>
      <node ref="K3" pin="14"/>
    </net>
    <net code="19" name="Net-(D3-Pad2)">
      <node ref="K3" pin="A2"/>
      <node ref="D3" pin="2"/>
      <node ref="Q3" pin="2"/>
    </net>
    <net code="20" name="Net-(F2-Pad2)">
      <node ref="K1" pin="11"/>
      <node ref="RV1" pin="2"/>
      <node ref="K1" pin="21"/>
      <node ref="F2" pin="2"/>
    </net>
    <net code="21" name="Net-(F3-Pad2)">
      <node ref="K2" pin="21"/>
      <node ref="F3" pin="2"/>
      <node ref="K2" pin="11"/>
      <node ref="RV2" pin="2"/>
    </net>
    <net code="22" name="/OUT1">
      <node ref="J1" pin="15"/>
      <node ref="J1" pin="16"/>
      <node ref="R1" pin="1"/>
    </net>
    <net code="23" name="Net-(K4-Pad22)">
      <node ref="K4" pin="22"/>
    </net>
    <net code="24" name="/C2">
      <node ref="F3" pin="1"/>
      <node ref="J2" pin="6"/>
    </net>
    <net code="25" name="/Q2">
      <node ref="RV2" pin="1"/>
      <node ref="K2" pin="14"/>
      <node ref="K2" pin="24"/>
      <node ref="J2" pin="5"/>
    </net>
    <net code="26" name="Net-(F1-Pad1)">
      <node ref="J2" pin="9"/>
      <node ref="F1" pin="1"/>
    </net>
    <net code="27" name="/OUT2">
      <node ref="J1" pin="10"/>
      <node ref="J1" pin="9"/>
      <node ref="R2" pin="1"/>
    </net>
    <net code="28" name="/C1">
      <node ref="J2" pin="8"/>
      <node ref="F2" pin="1"/>
    </net>
    <net code="29" name="Net-(Q1-Pad3)">
      <node ref="R5" pin="1"/>
      <node ref="R1" pin="2"/>
      <node ref="Q1" pin="3"/>
    </net>
    <net code="30" name="Net-(D1-Pad2)">
      <node ref="Q1" pin="2"/>
      <node ref="D1" pin="2"/>
      <node ref="K1" pin="A2"/>
    </net>
    <net code="31" name="Net-(D2-Pad2)">
      <node ref="D2" pin="2"/>
      <node ref="Q2" pin="2"/>
      <node ref="K2" pin="A2"/>
    </net>
    <net code="32" name="Net-(Q2-Pad3)">
      <node ref="R6" pin="1"/>
      <node ref="R2" pin="2"/>
      <node ref="Q2" pin="3"/>
    </net>
    <net code="33" name="Net-(K1-Pad22)">
      <node ref="K1" pin="22"/>
    </net>
    <net code="34" name="/Q1">
      <node ref="J2" pin="7"/>
      <node ref="RV1" pin="1"/>
      <node ref="K1" pin="24"/>
      <node ref="K1" pin="14"/>
    </net>
    <net code="35" name="Net-(K1-Pad12)">
      <node ref="K1" pin="12"/>
    </net>
  </nets>
</export>
