Reference, Quantity, Value, Footprint, Datasheet
D1 D2 D3 D4 ,4,"1N4007","Diodes_THT:D_DO-41_SOD81_P2.54mm_Vertical_KathodeUp",""
F1 F2 F3 F4 F5 ,5,"Fuse","Fuse_Holders_and_Fuses:Fuseholder5x20_horiz_SemiClosed_Casing10x25mm",""
J1 ,1,"Pin_Angled_02x08","Pin_Headers:Pin_Header_Angled_2x08_Pitch2.54mm",""
J2 ,1,"Screw_Terminal_02x10","TerminalBlock_2levels:TerminalBlock_10pol_2levels_5mm",""
K1 K2 K3 K4 ,4,"FINDER-30.22","Relays_THT:Relay_DPDT_Finder_30.22",""
Q1 Q2 Q3 Q4 ,4,"BD139","TO_SOT_Packages_THT:TO-126_Vertical",""
R1 R2 R3 R4 ,4,"22K","Resistors_THT:R_Axial_DIN0207_L6.3mm_D2.5mm_P2.54mm_Vertical",""
R5 R6 R7 R8 ,4,"10K","Resistors_THT:R_Axial_DIN0207_L6.3mm_D2.5mm_P2.54mm_Vertical",""
RV1 RV2 RV3 RV4 ,4,"07N680K","Varistors:RV_Disc_D7_W3.4_P5",""