<?xml version="1.0" encoding="UTF-8"?>
<export version="D">
  <design>
    <source>/home/daniel/OSIMPLC/Hardware/OSIMPLC_Lengues_V2.0/e2ai2do/e2ai2do.sch</source>
    <date>dom 04 nov 2018 11:52:35 -03</date>
    <tool>Eeschema 5.0.1</tool>
    <sheet number="1" name="/" tstamps="/">
      <title_block>
        <title>OSIMPLC_LENGUE_2AI2DO</title>
        <company>by Daniel H. Mirkin</company>
        <rev>2.0</rev>
        <date>2018-01-26</date>
        <source>e2ai2do.sch</source>
        <comment number="1" value="Programmable Logic Controller (PIC based)"/>
        <comment number="2" value="Open Simple Industrial Modular"/>
        <comment number="3" value="2 Analog Inputs 2 Digital Outputs Expansion Board"/>
        <comment number="4" value=""/>
      </title_block>
    </sheet>
  </design>
  <components>
    <comp ref="R5">
      <value>100E_1%</value>
      <footprint>Resistors_THT:R_Axial_DIN0207_L6.3mm_D2.5mm_P2.54mm_Vertical</footprint>
      <libsource lib="device" part="R" description="Resistor"/>
      <sheetpath names="/" tstamps="/"/>
      <tstamp>59CDBE83</tstamp>
    </comp>
    <comp ref="R3">
      <value>47K_1%</value>
      <footprint>Resistors_THT:R_Axial_DIN0207_L6.3mm_D2.5mm_P2.54mm_Vertical</footprint>
      <libsource lib="device" part="R" description="Resistor"/>
      <sheetpath names="/" tstamps="/"/>
      <tstamp>59CDBE84</tstamp>
    </comp>
    <comp ref="C2">
      <value>0.1uF_50V</value>
      <footprint>Capacitors_THT:C_Disc_D6.0mm_W2.5mm_P5.00mm</footprint>
      <libsource lib="device" part="C" description="Unpolarized capacitor"/>
      <sheetpath names="/" tstamps="/"/>
      <tstamp>59CDBE85</tstamp>
    </comp>
    <comp ref="R1">
      <value>150E_1%</value>
      <footprint>Resistors_THT:R_Axial_DIN0207_L6.3mm_D2.5mm_P2.54mm_Vertical</footprint>
      <libsource lib="device" part="R" description="Resistor"/>
      <sheetpath names="/" tstamps="/"/>
      <tstamp>59CDBE86</tstamp>
    </comp>
    <comp ref="R2">
      <value>100E_1%</value>
      <footprint>Resistors_THT:R_Axial_DIN0207_L6.3mm_D2.5mm_P2.54mm_Vertical</footprint>
      <libsource lib="device" part="R" description="Resistor"/>
      <sheetpath names="/" tstamps="/"/>
      <tstamp>59CDBE87</tstamp>
    </comp>
    <comp ref="R4">
      <value>47K_1%</value>
      <footprint>Resistors_THT:R_Axial_DIN0207_L6.3mm_D2.5mm_P2.54mm_Vertical</footprint>
      <libsource lib="device" part="R" description="Resistor"/>
      <sheetpath names="/" tstamps="/"/>
      <tstamp>59CDBE89</tstamp>
    </comp>
    <comp ref="C1">
      <value>0.1uF_50V</value>
      <footprint>Capacitors_THT:C_Disc_D6.0mm_W2.5mm_P5.00mm</footprint>
      <libsource lib="device" part="C" description="Unpolarized capacitor"/>
      <sheetpath names="/" tstamps="/"/>
      <tstamp>59D126FA</tstamp>
    </comp>
    <comp ref="J3">
      <value>Pin_Straight_02x03</value>
      <footprint>Pin_Headers:Pin_Header_Straight_2x03_Pitch2.54mm</footprint>
      <libsource lib="conn" part="Conn_02x03_Odd_Even" description="Generic connector, double row, 02x03, odd/even pin numbering scheme (row 1 odd numbers, row 2 even numbers)"/>
      <sheetpath names="/" tstamps="/"/>
      <tstamp>59CDBE8C</tstamp>
    </comp>
    <comp ref="R10">
      <value>100E_1%</value>
      <footprint>Resistors_THT:R_Axial_DIN0207_L6.3mm_D2.5mm_P2.54mm_Vertical</footprint>
      <libsource lib="device" part="R" description="Resistor"/>
      <sheetpath names="/" tstamps="/"/>
      <tstamp>59DE8EDF</tstamp>
    </comp>
    <comp ref="R8">
      <value>47K_1%</value>
      <footprint>Resistors_THT:R_Axial_DIN0207_L6.3mm_D2.5mm_P2.54mm_Vertical</footprint>
      <libsource lib="device" part="R" description="Resistor"/>
      <sheetpath names="/" tstamps="/"/>
      <tstamp>59DE8EE5</tstamp>
    </comp>
    <comp ref="C3">
      <value>0.1uF_50V</value>
      <footprint>Capacitors_THT:C_Disc_D6.0mm_W2.5mm_P5.00mm</footprint>
      <libsource lib="device" part="C" description="Unpolarized capacitor"/>
      <sheetpath names="/" tstamps="/"/>
      <tstamp>59DE8EEB</tstamp>
    </comp>
    <comp ref="R6">
      <value>150E_1%</value>
      <footprint>Resistors_THT:R_Axial_DIN0207_L6.3mm_D2.5mm_P2.54mm_Vertical</footprint>
      <libsource lib="device" part="R" description="Resistor"/>
      <sheetpath names="/" tstamps="/"/>
      <tstamp>59DE8EF1</tstamp>
    </comp>
    <comp ref="R7">
      <value>100E_1%</value>
      <footprint>Resistors_THT:R_Axial_DIN0207_L6.3mm_D2.5mm_P2.54mm_Vertical</footprint>
      <libsource lib="device" part="R" description="Resistor"/>
      <sheetpath names="/" tstamps="/"/>
      <tstamp>59DE8EF7</tstamp>
    </comp>
    <comp ref="R9">
      <value>47K_1%</value>
      <footprint>Resistors_THT:R_Axial_DIN0207_L6.3mm_D2.5mm_P2.54mm_Vertical</footprint>
      <libsource lib="device" part="R" description="Resistor"/>
      <sheetpath names="/" tstamps="/"/>
      <tstamp>59DE8EFD</tstamp>
    </comp>
    <comp ref="J4">
      <value>Pin_Straight_02x03</value>
      <footprint>Pin_Headers:Pin_Header_Straight_2x03_Pitch2.54mm</footprint>
      <libsource lib="conn" part="Conn_02x03_Odd_Even" description="Generic connector, double row, 02x03, odd/even pin numbering scheme (row 1 odd numbers, row 2 even numbers)"/>
      <sheetpath names="/" tstamps="/"/>
      <tstamp>59DE8F39</tstamp>
    </comp>
    <comp ref="J2">
      <value>Pin_Straight_02x08</value>
      <footprint>Pin_Headers:Pin_Header_Straight_2x08_Pitch2.54mm</footprint>
      <libsource lib="conn" part="Conn_02x08_Odd_Even" description="Generic connector, double row, 02x08, odd/even pin numbering scheme (row 1 odd numbers, row 2 even numbers)"/>
      <sheetpath names="/" tstamps="/"/>
      <tstamp>5A5E2708</tstamp>
    </comp>
    <comp ref="U1">
      <value>LM358</value>
      <footprint>Housings_DIP:DIP-8_W7.62mm_LongPads</footprint>
      <libsource lib="linear" part="LM358" description="Low-Power, Dual Operational Amplifiers, DIP-8/SOIC-8/TO-99-8"/>
      <sheetpath names="/" tstamps="/"/>
      <tstamp>5A6B3ACB</tstamp>
    </comp>
    <comp ref="J1">
      <value>Screw_Terminal_01x04</value>
      <footprint>TerminalBlock_Phoenix:TerminalBlock_Phoenix_MKDS1.5-4pol</footprint>
      <libsource lib="conn" part="Screw_Terminal_01x04" description="Generic screw terminal, single row, 01x04"/>
      <sheetpath names="/" tstamps="/"/>
      <tstamp>5A6B52EE</tstamp>
    </comp>
    <comp ref="J5">
      <value>Screw_Terminal_01x04</value>
      <footprint>TerminalBlock_Phoenix:TerminalBlock_Phoenix_MKDS1.5-4pol</footprint>
      <libsource lib="conn" part="Screw_Terminal_01x04" description="Generic screw terminal, single row, 01x04"/>
      <sheetpath names="/" tstamps="/"/>
      <tstamp>5A6B5A9F</tstamp>
    </comp>
    <comp ref="U2">
      <value>CNY74-2</value>
      <footprint>Housings_DIP:DIP-8_W7.62mm_LongPads</footprint>
      <libsource lib="opto" part="CNY74-2" description="Dual DC Optocoupler, Vce 70V, CTR 100%, DIP-16"/>
      <sheetpath names="/" tstamps="/"/>
      <tstamp>5A6B6B05</tstamp>
    </comp>
    <comp ref="R11">
      <value>100E</value>
      <footprint>Resistors_THT:R_Axial_DIN0207_L6.3mm_D2.5mm_P2.54mm_Vertical</footprint>
      <libsource lib="device" part="R" description="Resistor"/>
      <sheetpath names="/" tstamps="/"/>
      <tstamp>5A6B6D7B</tstamp>
    </comp>
    <comp ref="R13">
      <value>100E</value>
      <footprint>Resistors_THT:R_Axial_DIN0207_L6.3mm_D2.5mm_P2.54mm_Vertical</footprint>
      <libsource lib="device" part="R" description="Resistor"/>
      <sheetpath names="/" tstamps="/"/>
      <tstamp>5A6B717C</tstamp>
    </comp>
    <comp ref="Q1">
      <value>BD139</value>
      <footprint>TO_SOT_Packages_THT:TO-126_Horizontal</footprint>
      <libsource lib="transistors" part="BD139" description="Vce 80V, Ic 1.5A, Low Voltage Transistor, TO-126"/>
      <sheetpath names="/" tstamps="/"/>
      <tstamp>5A6B8C5E</tstamp>
    </comp>
    <comp ref="Q2">
      <value>BD139</value>
      <footprint>TO_SOT_Packages_THT:TO-126_Horizontal</footprint>
      <libsource lib="transistors" part="BD139" description="Vce 80V, Ic 1.5A, Low Voltage Transistor, TO-126"/>
      <sheetpath names="/" tstamps="/"/>
      <tstamp>5A6B8D3F</tstamp>
    </comp>
    <comp ref="R12">
      <value>4K7</value>
      <footprint>Resistors_THT:R_Axial_DIN0207_L6.3mm_D2.5mm_P2.54mm_Vertical</footprint>
      <libsource lib="device" part="R" description="Resistor"/>
      <sheetpath names="/" tstamps="/"/>
      <tstamp>5A6B9131</tstamp>
    </comp>
    <comp ref="R14">
      <value>4K7</value>
      <footprint>Resistors_THT:R_Axial_DIN0207_L6.3mm_D2.5mm_P2.54mm_Vertical</footprint>
      <libsource lib="device" part="R" description="Resistor"/>
      <sheetpath names="/" tstamps="/"/>
      <tstamp>5A6B9284</tstamp>
    </comp>
    <comp ref="D1">
      <value>1N4751A</value>
      <footprint>Diodes_THT:D_DO-41_SOD81_P2.54mm_Vertical_KathodeUp</footprint>
      <libsource lib="diode" part="ZPYxx" description="1300mW Zener Diode, DO-41"/>
      <sheetpath names="/" tstamps="/"/>
      <tstamp>5A6B9571</tstamp>
    </comp>
    <comp ref="D4">
      <value>1N4751A</value>
      <footprint>Diodes_THT:D_DO-41_SOD81_P2.54mm_Vertical_KathodeUp</footprint>
      <libsource lib="diode" part="ZPYxx" description="1300mW Zener Diode, DO-41"/>
      <sheetpath names="/" tstamps="/"/>
      <tstamp>5A6B9698</tstamp>
    </comp>
    <comp ref="R15">
      <value>10K</value>
      <footprint>Resistors_THT:R_Axial_DIN0207_L6.3mm_D2.5mm_P2.54mm_Vertical</footprint>
      <libsource lib="device" part="R" description="Resistor"/>
      <sheetpath names="/" tstamps="/"/>
      <tstamp>5A897FB4</tstamp>
    </comp>
    <comp ref="R16">
      <value>10K</value>
      <footprint>Resistors_THT:R_Axial_DIN0207_L6.3mm_D2.5mm_P2.54mm_Vertical</footprint>
      <libsource lib="device" part="R" description="Resistor"/>
      <sheetpath names="/" tstamps="/"/>
      <tstamp>5A898072</tstamp>
    </comp>
    <comp ref="D2">
      <value>LED_3</value>
      <footprint>LEDs:LED_D3.0mm</footprint>
      <libsource lib="device" part="LED" description="LED generic"/>
      <sheetpath names="/" tstamps="/"/>
      <tstamp>5A8AE1B2</tstamp>
    </comp>
    <comp ref="D3">
      <value>LED_3</value>
      <footprint>LEDs:LED_D3.0mm</footprint>
      <libsource lib="device" part="LED" description="LED generic"/>
      <sheetpath names="/" tstamps="/"/>
      <tstamp>5A8AE251</tstamp>
    </comp>
  </components>
  <libparts>
    <libpart lib="conn" part="Conn_02x03_Odd_Even">
      <description>Generic connector, double row, 02x03, odd/even pin numbering scheme (row 1 odd numbers, row 2 even numbers)</description>
      <docs>~</docs>
      <footprints>
        <fp>Connector*:*2x??x*mm*</fp>
        <fp>Connector*:*2x???Pitch*</fp>
        <fp>Pin_Header_Straight_2X*</fp>
        <fp>Pin_Header_Angled_2X*</fp>
        <fp>Socket_Strip_Straight_2X*</fp>
        <fp>Socket_Strip_Angled_2X*</fp>
      </footprints>
      <fields>
        <field name="Reference">J</field>
        <field name="Value">Conn_02x03_Odd_Even</field>
      </fields>
      <pins>
        <pin num="1" name="Pin_1" type="passive"/>
        <pin num="2" name="Pin_2" type="passive"/>
        <pin num="3" name="Pin_3" type="passive"/>
        <pin num="4" name="Pin_4" type="passive"/>
        <pin num="5" name="Pin_5" type="passive"/>
        <pin num="6" name="Pin_6" type="passive"/>
      </pins>
    </libpart>
    <libpart lib="conn" part="Conn_02x08_Odd_Even">
      <description>Generic connector, double row, 02x08, odd/even pin numbering scheme (row 1 odd numbers, row 2 even numbers)</description>
      <docs>~</docs>
      <footprints>
        <fp>Connector*:*2x??x*mm*</fp>
        <fp>Connector*:*2x???Pitch*</fp>
        <fp>Pin_Header_Straight_2X*</fp>
        <fp>Pin_Header_Angled_2X*</fp>
        <fp>Socket_Strip_Straight_2X*</fp>
        <fp>Socket_Strip_Angled_2X*</fp>
      </footprints>
      <fields>
        <field name="Reference">J</field>
        <field name="Value">Conn_02x08_Odd_Even</field>
      </fields>
      <pins>
        <pin num="1" name="Pin_1" type="passive"/>
        <pin num="2" name="Pin_2" type="passive"/>
        <pin num="3" name="Pin_3" type="passive"/>
        <pin num="4" name="Pin_4" type="passive"/>
        <pin num="5" name="Pin_5" type="passive"/>
        <pin num="6" name="Pin_6" type="passive"/>
        <pin num="7" name="Pin_7" type="passive"/>
        <pin num="8" name="Pin_8" type="passive"/>
        <pin num="9" name="Pin_9" type="passive"/>
        <pin num="10" name="Pin_10" type="passive"/>
        <pin num="11" name="Pin_11" type="passive"/>
        <pin num="12" name="Pin_12" type="passive"/>
        <pin num="13" name="Pin_13" type="passive"/>
        <pin num="14" name="Pin_14" type="passive"/>
        <pin num="15" name="Pin_15" type="passive"/>
        <pin num="16" name="Pin_16" type="passive"/>
      </pins>
    </libpart>
    <libpart lib="conn" part="Screw_Terminal_01x04">
      <description>Generic screw terminal, single row, 01x04</description>
      <docs>~</docs>
      <footprints>
        <fp>Connector*Terminal*Block*:*</fp>
        <fp>TerminalBlock*</fp>
      </footprints>
      <fields>
        <field name="Reference">J</field>
        <field name="Value">Screw_Terminal_01x04</field>
      </fields>
      <pins>
        <pin num="1" name="Pin_1" type="passive"/>
        <pin num="2" name="Pin_2" type="passive"/>
        <pin num="3" name="Pin_3" type="passive"/>
        <pin num="4" name="Pin_4" type="passive"/>
      </pins>
    </libpart>
    <libpart lib="device" part="C">
      <description>Unpolarized capacitor</description>
      <footprints>
        <fp>C_*</fp>
      </footprints>
      <fields>
        <field name="Reference">C</field>
        <field name="Value">C</field>
      </fields>
      <pins>
        <pin num="1" name="~" type="passive"/>
        <pin num="2" name="~" type="passive"/>
      </pins>
    </libpart>
    <libpart lib="device" part="LED">
      <description>LED generic</description>
      <footprints>
        <fp>LED*</fp>
      </footprints>
      <fields>
        <field name="Reference">D</field>
        <field name="Value">LED</field>
      </fields>
      <pins>
        <pin num="1" name="K" type="passive"/>
        <pin num="2" name="A" type="passive"/>
      </pins>
    </libpart>
    <libpart lib="device" part="R">
      <description>Resistor</description>
      <footprints>
        <fp>R_*</fp>
        <fp>R_*</fp>
      </footprints>
      <fields>
        <field name="Reference">R</field>
        <field name="Value">R</field>
      </fields>
      <pins>
        <pin num="1" name="~" type="passive"/>
        <pin num="2" name="~" type="passive"/>
      </pins>
    </libpart>
    <libpart lib="diode" part="ZPYxx">
      <description>1300mW Zener Diode, DO-41</description>
      <docs>http://www.vishay.com/docs/85790/zpy3v9.pdf</docs>
      <footprints>
        <fp>D*DO?41*</fp>
      </footprints>
      <fields>
        <field name="Reference">D</field>
        <field name="Value">ZPYxx</field>
        <field name="Footprint">Diodes_THT:D_DO-41_SOD81_Horizontal_RM10</field>
      </fields>
      <pins>
        <pin num="1" name="K" type="passive"/>
        <pin num="2" name="A" type="passive"/>
      </pins>
    </libpart>
    <libpart lib="linear" part="LM2904">
      <aliases>
        <alias>LM358</alias>
        <alias>AD8620</alias>
        <alias>LMC6062</alias>
        <alias>LMC6082</alias>
        <alias>TL062</alias>
        <alias>TL072</alias>
        <alias>TL082</alias>
        <alias>NE5532</alias>
        <alias>SA5532</alias>
        <alias>RC4558</alias>
        <alias>RC4560</alias>
        <alias>RC4580</alias>
        <alias>LMV358</alias>
        <alias>TS912</alias>
        <alias>TSV912IDT</alias>
        <alias>TSV912IST</alias>
        <alias>TLC272</alias>
        <alias>TLC277</alias>
        <alias>MCP602</alias>
        <alias>OPA2134</alias>
        <alias>OPA2340</alias>
        <alias>OPA2376xxD</alias>
        <alias>OPA2376xxDGK</alias>
        <alias>MC33078</alias>
        <alias>MC33178</alias>
        <alias>LM4562</alias>
        <alias>OP249</alias>
        <alias>OP275</alias>
        <alias>ADA4075-2</alias>
        <alias>MCP6002-xP</alias>
        <alias>MCP6002-xSN</alias>
        <alias>MCP6002-xMS</alias>
        <alias>LM7332</alias>
        <alias>OPA2333xxD</alias>
        <alias>OPA2333xxDGK</alias>
        <alias>LMC6482</alias>
        <alias>LT1492</alias>
        <alias>LTC6081xMS8</alias>
        <alias>LM6172</alias>
        <alias>MCP6L92</alias>
        <alias>NJM2043</alias>
        <alias>NJM2114</alias>
        <alias>NJM4556A</alias>
        <alias>NJM4558</alias>
        <alias>NJM4559</alias>
        <alias>NJM4560</alias>
        <alias>NJM4580</alias>
        <alias>NJM5532</alias>
        <alias>ADA4807-2ARM</alias>
        <alias>OPA2691</alias>
      </aliases>
      <description>Dual Operational Amplifiers, DIP-8/SOIC-8/TSSOP-8/VSSOP-8</description>
      <docs>http://www.ti.com/lit/ds/symlink/lm358.pdf</docs>
      <footprints>
        <fp>SOIC*3.9x4.9mm*Pitch1.27mm*</fp>
        <fp>DIP*W7.62mm*</fp>
        <fp>TO*99*</fp>
        <fp>OnSemi*Micro8*</fp>
        <fp>TSSOP*3x3mm*Pitch0.65mm*</fp>
        <fp>TSSOP*4.4x3mm*Pitch0.65mm*</fp>
        <fp>MSOP*3x3mm*Pitch0.65mm*</fp>
        <fp>SSOP*3.9x4.9mm*Pitch0.635mm*</fp>
        <fp>LFCSP*2x2mm*Pitch0.5mm*</fp>
        <fp>*SIP*</fp>
        <fp>SOIC*5.3x6.2mm*Pitch1.27mm*</fp>
      </footprints>
      <fields>
        <field name="Reference">U</field>
        <field name="Value">LM2904</field>
      </fields>
      <pins>
        <pin num="1" name="~" type="output"/>
        <pin num="2" name="-" type="input"/>
        <pin num="3" name="+" type="input"/>
        <pin num="4" name="V-" type="power_in"/>
        <pin num="5" name="+" type="input"/>
        <pin num="6" name="-" type="input"/>
        <pin num="7" name="~" type="output"/>
        <pin num="8" name="V+" type="power_in"/>
      </pins>
    </libpart>
    <libpart lib="opto" part="CNY74-2">
      <description>Dual DC Optocoupler, Vce 70V, CTR 100%, DIP-16</description>
      <footprints>
        <fp>DIP*W7.62mm*</fp>
      </footprints>
      <fields>
        <field name="Reference">U</field>
        <field name="Value">CNY74-2</field>
        <field name="Footprint">Housings_DIP:DIP-16_W7.62mm</field>
      </fields>
      <pins>
        <pin num="1" name="~" type="passive"/>
        <pin num="2" name="~" type="passive"/>
        <pin num="3" name="~" type="passive"/>
        <pin num="4" name="~" type="passive"/>
        <pin num="5" name="~" type="passive"/>
        <pin num="6" name="~" type="passive"/>
        <pin num="7" name="~" type="passive"/>
        <pin num="8" name="~" type="passive"/>
      </pins>
    </libpart>
    <libpart lib="transistors" part="BD139">
      <aliases>
        <alias>BD135</alias>
        <alias>BD137</alias>
        <alias>BD233</alias>
        <alias>BD235</alias>
        <alias>BD237</alias>
      </aliases>
      <description>Vce 80V, Ic 1.5A, Low Voltage Transistor, TO-126</description>
      <docs>http://www.st.com/internet/com/TECHNICAL_RESOURCES/TECHNICAL_LITERATURE/DATASHEET/CD00001225.pdf</docs>
      <footprints>
        <fp>TO?126*</fp>
      </footprints>
      <fields>
        <field name="Reference">Q</field>
        <field name="Value">BD139</field>
        <field name="Footprint">TO_SOT_Packages_THT:TO-126_Vertical</field>
      </fields>
      <pins>
        <pin num="1" name="E" type="passive"/>
        <pin num="2" name="C" type="passive"/>
        <pin num="3" name="B" type="input"/>
      </pins>
    </libpart>
  </libparts>
  <libraries>
    <library logical="conn">
      <uri>/home/daniel/kicad/library/conn.lib</uri>
    </library>
    <library logical="device">
      <uri>/home/daniel/kicad/library/device.lib</uri>
    </library>
    <library logical="diode">
      <uri>/home/daniel/kicad/library/diode.lib</uri>
    </library>
    <library logical="linear">
      <uri>/home/daniel/kicad/library/linear.lib</uri>
    </library>
    <library logical="opto">
      <uri>/home/daniel/kicad/library/opto.lib</uri>
    </library>
    <library logical="transistors">
      <uri>/home/daniel/kicad/library/transistors.lib</uri>
    </library>
  </libraries>
  <nets>
    <net code="1" name="/RE2">
      <node ref="R13" pin="2"/>
      <node ref="J2" pin="11"/>
      <node ref="J2" pin="12"/>
    </net>
    <net code="2" name="/RE1">
      <node ref="R11" pin="2"/>
      <node ref="J2" pin="9"/>
      <node ref="J2" pin="10"/>
    </net>
    <net code="3" name="/AN5">
      <node ref="R10" pin="1"/>
      <node ref="J2" pin="8"/>
      <node ref="J2" pin="7"/>
    </net>
    <net code="4" name="/VDD">
      <node ref="J2" pin="3"/>
      <node ref="J2" pin="4"/>
    </net>
    <net code="5" name="Net-(D3-Pad1)">
      <node ref="U2" pin="4"/>
      <node ref="D3" pin="1"/>
    </net>
    <net code="6" name="Net-(D3-Pad2)">
      <node ref="D3" pin="2"/>
      <node ref="R13" pin="1"/>
    </net>
    <net code="7" name="Net-(D2-Pad1)">
      <node ref="D2" pin="1"/>
      <node ref="U2" pin="1"/>
    </net>
    <net code="8" name="Net-(D2-Pad2)">
      <node ref="D2" pin="2"/>
      <node ref="R11" pin="1"/>
    </net>
    <net code="9" name="/A2">
      <node ref="R1" pin="2"/>
      <node ref="C2" pin="1"/>
      <node ref="R3" pin="1"/>
      <node ref="J1" pin="2"/>
      <node ref="J3" pin="6"/>
    </net>
    <net code="10" name="Net-(J4-Pad3)">
      <node ref="R9" pin="2"/>
      <node ref="J4" pin="3"/>
    </net>
    <net code="11" name="Net-(J4-Pad1)">
      <node ref="R7" pin="1"/>
      <node ref="J4" pin="1"/>
    </net>
    <net code="12" name="/GND">
      <node ref="J2" pin="1"/>
      <node ref="U1" pin="4"/>
      <node ref="U1" pin="4"/>
      <node ref="J4" pin="2"/>
      <node ref="J4" pin="4"/>
      <node ref="J2" pin="2"/>
      <node ref="J1" pin="1"/>
      <node ref="C1" pin="2"/>
      <node ref="U2" pin="3"/>
      <node ref="J1" pin="3"/>
      <node ref="U2" pin="2"/>
      <node ref="J3" pin="2"/>
      <node ref="J3" pin="4"/>
      <node ref="C3" pin="2"/>
      <node ref="C2" pin="2"/>
      <node ref="J2" pin="15"/>
      <node ref="J2" pin="16"/>
    </net>
    <net code="13" name="Net-(R6-Pad1)">
      <node ref="R7" pin="2"/>
      <node ref="R6" pin="1"/>
    </net>
    <net code="14" name="Net-(Q1-Pad3)">
      <node ref="R15" pin="2"/>
      <node ref="R12" pin="1"/>
      <node ref="Q1" pin="3"/>
    </net>
    <net code="15" name="Net-(Q2-Pad3)">
      <node ref="Q2" pin="3"/>
      <node ref="R14" pin="1"/>
      <node ref="R16" pin="2"/>
    </net>
    <net code="16" name="/YD">
      <node ref="J5" pin="1"/>
      <node ref="Q2" pin="2"/>
      <node ref="D4" pin="1"/>
    </net>
    <net code="17" name="/YC">
      <node ref="D1" pin="1"/>
      <node ref="Q1" pin="2"/>
      <node ref="J5" pin="2"/>
    </net>
    <net code="18" name="/+V">
      <node ref="U2" pin="7"/>
      <node ref="U2" pin="6"/>
      <node ref="J5" pin="3"/>
    </net>
    <net code="19" name="/GND_OUT">
      <node ref="R16" pin="1"/>
      <node ref="J5" pin="4"/>
      <node ref="R15" pin="1"/>
      <node ref="D4" pin="2"/>
      <node ref="Q1" pin="1"/>
      <node ref="D1" pin="2"/>
      <node ref="Q2" pin="1"/>
    </net>
    <net code="20" name="Net-(R14-Pad2)">
      <node ref="U2" pin="5"/>
      <node ref="R14" pin="2"/>
    </net>
    <net code="21" name="Net-(R12-Pad2)">
      <node ref="U2" pin="8"/>
      <node ref="R12" pin="2"/>
    </net>
    <net code="22" name="/A3">
      <node ref="J4" pin="6"/>
      <node ref="R8" pin="1"/>
      <node ref="C3" pin="1"/>
      <node ref="J1" pin="4"/>
      <node ref="R6" pin="2"/>
    </net>
    <net code="23" name="/VAA">
      <node ref="U1" pin="8"/>
      <node ref="U1" pin="8"/>
      <node ref="C1" pin="1"/>
      <node ref="J2" pin="13"/>
      <node ref="J2" pin="14"/>
    </net>
    <net code="24" name="Net-(R1-Pad1)">
      <node ref="R2" pin="2"/>
      <node ref="R1" pin="1"/>
    </net>
    <net code="25" name="/AN4">
      <node ref="R5" pin="2"/>
      <node ref="J2" pin="6"/>
      <node ref="J2" pin="5"/>
    </net>
    <net code="26" name="Net-(J4-Pad5)">
      <node ref="U1" pin="5"/>
      <node ref="J4" pin="5"/>
      <node ref="R9" pin="1"/>
      <node ref="R8" pin="2"/>
    </net>
    <net code="27" name="Net-(R10-Pad2)">
      <node ref="U1" pin="7"/>
      <node ref="R10" pin="2"/>
      <node ref="U1" pin="6"/>
    </net>
    <net code="28" name="Net-(J3-Pad5)">
      <node ref="R4" pin="1"/>
      <node ref="U1" pin="3"/>
      <node ref="J3" pin="5"/>
      <node ref="R3" pin="2"/>
    </net>
    <net code="29" name="Net-(J3-Pad3)">
      <node ref="R4" pin="2"/>
      <node ref="J3" pin="3"/>
    </net>
    <net code="30" name="Net-(J3-Pad1)">
      <node ref="J3" pin="1"/>
      <node ref="R2" pin="1"/>
    </net>
    <net code="31" name="Net-(R5-Pad1)">
      <node ref="R5" pin="1"/>
      <node ref="U1" pin="2"/>
      <node ref="U1" pin="1"/>
    </net>
  </nets>
</export>
