Reference, Quantity, Value, Footprint, Datasheet
C1 ,1,"0.1uF_50V","Capacitors_THT:C_Disc_D5.0mm_W2.5mm_P5.00mm",""
J1 ,1,"Pin_Straight_02x05","Pin_Headers:Pin_Header_Straight_2x05_Pitch2.54mm","~"
Q1 Q2 ,2,"BC548","TO_SOT_Packages_THT:TO-92_Inline_Wide",""
R1 R2 ,2,"10K","Resistors_THT:R_Axial_DIN0207_L6.3mm_D2.5mm_P10.16mm_Horizontal",""
R3 R4 ,2,"4K7","Resistors_THT:R_Axial_DIN0207_L6.3mm_D2.5mm_P10.16mm_Horizontal",""
RV1 ,1,"10KLin","Potentiometers:Potentiometer_Triwood_RM-065",""
SW1 SW2 SW3 SW4 ,4,"SW_Push","Buttons_Switches_THT:SW_PUSH_6mm_h13mm",""
U1 ,1,"LCD-1602A","Displays:LCD-1602A",""
U2 ,1,"PIC16F628A","Housings_DIP:DIP-18_W7.62mm_LongPads",""