<?xml version="1.0" encoding="UTF-8"?>
<export version="D">
  <design>
    <source>/home/daniel/OSIMPLC/Hardware/OSIMPLC_HMI_V2.0/hmi.sch</source>
    <date>dom 04 nov 2018 11:44:57 -03</date>
    <tool>Eeschema 5.0.1</tool>
    <sheet number="1" name="/" tstamps="/">
      <title_block>
        <title>OSIMPLC HMI</title>
        <company>by Daniel H. Mikin</company>
        <rev>V2.0</rev>
        <date>2018-04-27</date>
        <source>hmi.sch</source>
        <comment number="1" value="CC BY SA"/>
        <comment number="2" value=""/>
        <comment number="3" value=""/>
        <comment number="4" value=""/>
      </title_block>
    </sheet>
  </design>
  <components>
    <comp ref="U2">
      <value>PIC16F628A</value>
      <footprint>Housings_DIP:DIP-18_W7.62mm_LongPads</footprint>
      <libsource lib="hmi-rescue" part="PIC16(L)F628A-I_P" description=""/>
      <sheetpath names="/" tstamps="/"/>
      <tstamp>5AE38FA0</tstamp>
    </comp>
    <comp ref="Q1">
      <value>BC548</value>
      <footprint>TO_SOT_Packages_THT:TO-92_Inline_Wide</footprint>
      <libsource lib="hmi-rescue" part="BC548" description=""/>
      <sheetpath names="/" tstamps="/"/>
      <tstamp>5AE3A539</tstamp>
    </comp>
    <comp ref="R3">
      <value>4K7</value>
      <footprint>Resistors_THT:R_Axial_DIN0207_L6.3mm_D2.5mm_P10.16mm_Horizontal</footprint>
      <libsource lib="hmi-rescue" part="R" description=""/>
      <sheetpath names="/" tstamps="/"/>
      <tstamp>5AE3A59A</tstamp>
    </comp>
    <comp ref="C1">
      <value>0.1uF_50V</value>
      <footprint>Capacitors_THT:C_Disc_D5.0mm_W2.5mm_P5.00mm</footprint>
      <libsource lib="hmi-rescue" part="C_Small" description=""/>
      <sheetpath names="/" tstamps="/"/>
      <tstamp>5AE3AAB1</tstamp>
    </comp>
    <comp ref="R2">
      <value>10K</value>
      <footprint>Resistors_THT:R_Axial_DIN0207_L6.3mm_D2.5mm_P10.16mm_Horizontal</footprint>
      <libsource lib="hmi-rescue" part="R" description=""/>
      <sheetpath names="/" tstamps="/"/>
      <tstamp>5AE3B113</tstamp>
    </comp>
    <comp ref="SW1">
      <value>SW_Push</value>
      <footprint>Buttons_Switches_THT:SW_PUSH_6mm_h13mm</footprint>
      <libsource lib="hmi-rescue" part="SW_Push" description=""/>
      <sheetpath names="/" tstamps="/"/>
      <tstamp>5AE3BA21</tstamp>
    </comp>
    <comp ref="SW2">
      <value>SW_Push</value>
      <footprint>Buttons_Switches_THT:SW_PUSH_6mm_h13mm</footprint>
      <libsource lib="hmi-rescue" part="SW_Push" description=""/>
      <sheetpath names="/" tstamps="/"/>
      <tstamp>5AE3BAF9</tstamp>
    </comp>
    <comp ref="SW3">
      <value>SW_Push</value>
      <footprint>Buttons_Switches_THT:SW_PUSH_6mm_h13mm</footprint>
      <libsource lib="hmi-rescue" part="SW_Push" description=""/>
      <sheetpath names="/" tstamps="/"/>
      <tstamp>5AE3BB58</tstamp>
    </comp>
    <comp ref="SW4">
      <value>SW_Push</value>
      <footprint>Buttons_Switches_THT:SW_PUSH_6mm_h13mm</footprint>
      <libsource lib="hmi-rescue" part="SW_Push" description=""/>
      <sheetpath names="/" tstamps="/"/>
      <tstamp>5AE3BBAA</tstamp>
    </comp>
    <comp ref="RV1">
      <value>10KLin</value>
      <footprint>Potentiometers:Potentiometer_Triwood_RM-065</footprint>
      <libsource lib="hmi-rescue" part="POT" description=""/>
      <sheetpath names="/" tstamps="/"/>
      <tstamp>5AE3C3F2</tstamp>
    </comp>
    <comp ref="Q2">
      <value>BC548</value>
      <footprint>TO_SOT_Packages_THT:TO-92_Inline_Wide</footprint>
      <libsource lib="hmi-rescue" part="BC548" description=""/>
      <sheetpath names="/" tstamps="/"/>
      <tstamp>5AE3DFF8</tstamp>
    </comp>
    <comp ref="R1">
      <value>10K</value>
      <footprint>Resistors_THT:R_Axial_DIN0207_L6.3mm_D2.5mm_P10.16mm_Horizontal</footprint>
      <libsource lib="hmi-rescue" part="R" description=""/>
      <sheetpath names="/" tstamps="/"/>
      <tstamp>5AE3E059</tstamp>
    </comp>
    <comp ref="R4">
      <value>4K7</value>
      <footprint>Resistors_THT:R_Axial_DIN0207_L6.3mm_D2.5mm_P10.16mm_Horizontal</footprint>
      <libsource lib="hmi-rescue" part="R" description=""/>
      <sheetpath names="/" tstamps="/"/>
      <tstamp>5AE3E4A4</tstamp>
    </comp>
    <comp ref="U1">
      <value>LCD-1602A</value>
      <footprint>Displays:LCD-1602A</footprint>
      <libsource lib="hmi-rescue" part="LCD-QC1602A" description=""/>
      <sheetpath names="/" tstamps="/"/>
      <tstamp>5AE76730</tstamp>
    </comp>
    <comp ref="J1">
      <value>Pin_Straight_02x05</value>
      <footprint>Pin_Headers:Pin_Header_Straight_2x05_Pitch2.54mm</footprint>
      <datasheet>~</datasheet>
      <libsource lib="conn" part="Conn_02x05_Odd_Even" description="Generic connector, double row, 02x05, odd/even pin numbering scheme (row 1 odd numbers, row 2 even numbers)"/>
      <sheetpath names="/" tstamps="/"/>
      <tstamp>5BB4F155</tstamp>
    </comp>
  </components>
  <libparts>
    <libpart lib="conn" part="Conn_02x05_Odd_Even">
      <description>Generic connector, double row, 02x05, odd/even pin numbering scheme (row 1 odd numbers, row 2 even numbers)</description>
      <docs>~</docs>
      <footprints>
        <fp>Connector*:*2x??x*mm*</fp>
        <fp>Connector*:*2x???Pitch*</fp>
        <fp>Pin_Header_Straight_2X*</fp>
        <fp>Pin_Header_Angled_2X*</fp>
        <fp>Socket_Strip_Straight_2X*</fp>
        <fp>Socket_Strip_Angled_2X*</fp>
      </footprints>
      <fields>
        <field name="Reference">J</field>
        <field name="Value">Conn_02x05_Odd_Even</field>
      </fields>
      <pins>
        <pin num="1" name="Pin_1" type="passive"/>
        <pin num="2" name="Pin_2" type="passive"/>
        <pin num="3" name="Pin_3" type="passive"/>
        <pin num="4" name="Pin_4" type="passive"/>
        <pin num="5" name="Pin_5" type="passive"/>
        <pin num="6" name="Pin_6" type="passive"/>
        <pin num="7" name="Pin_7" type="passive"/>
        <pin num="8" name="Pin_8" type="passive"/>
        <pin num="9" name="Pin_9" type="passive"/>
        <pin num="10" name="Pin_10" type="passive"/>
      </pins>
    </libpart>
    <libpart lib="hmi-rescue" part="BC548">
      <footprints>
        <fp>TO?92*</fp>
      </footprints>
      <fields>
        <field name="Reference">Q</field>
        <field name="Value">BC548</field>
        <field name="Footprint">TO_SOT_Packages_THT:TO-92_Molded_Narrow</field>
      </fields>
      <pins>
        <pin num="1" name="C" type="passive"/>
        <pin num="2" name="B" type="input"/>
        <pin num="3" name="E" type="passive"/>
      </pins>
    </libpart>
    <libpart lib="hmi-rescue" part="C_Small">
      <footprints>
        <fp>C_*</fp>
      </footprints>
      <fields>
        <field name="Reference">C</field>
        <field name="Value">C_Small</field>
      </fields>
      <pins>
        <pin num="1" name="~" type="passive"/>
        <pin num="2" name="~" type="passive"/>
      </pins>
    </libpart>
    <libpart lib="hmi-rescue" part="LCD-QC1602A">
      <footprints>
        <fp>*LCD*016N002L*</fp>
      </footprints>
      <fields>
        <field name="Reference">U</field>
        <field name="Value">LCD-QC1602A</field>
        <field name="Footprint">Displays:LCD-QC1602A</field>
      </fields>
      <pins>
        <pin num="1" name="VSS" type="power_in"/>
        <pin num="2" name="VDD" type="power_in"/>
        <pin num="3" name="VO" type="input"/>
        <pin num="4" name="RS" type="input"/>
        <pin num="5" name="R/~W" type="input"/>
        <pin num="6" name="E" type="input"/>
        <pin num="7" name="DB0" type="BiDi"/>
        <pin num="8" name="DB1" type="BiDi"/>
        <pin num="9" name="DB2" type="BiDi"/>
        <pin num="10" name="DB3" type="BiDi"/>
        <pin num="11" name="DB4" type="BiDi"/>
        <pin num="12" name="DB5" type="BiDi"/>
        <pin num="13" name="DB6" type="BiDi"/>
        <pin num="14" name="DB7" type="BiDi"/>
        <pin num="15" name="A/VEE" type="power_in"/>
        <pin num="16" name="K" type="power_in"/>
      </pins>
    </libpart>
    <libpart lib="hmi-rescue" part="PIC16(L)F628A-I_P">
      <footprints>
        <fp>DIP*</fp>
        <fp>PDIP*</fp>
      </footprints>
      <fields>
        <field name="Reference">U</field>
        <field name="Value">PIC16(L)F628A-I_P</field>
      </fields>
      <pins>
        <pin num="1" name="Vref/AN2/RA2" type="BiDi"/>
        <pin num="2" name="CMP1/AN3/RA3" type="BiDi"/>
        <pin num="3" name="TOCKI/CMP2/RA4" type="BiDi"/>
        <pin num="4" name="~MCLR~/Vpp/RA5" type="input"/>
        <pin num="5" name="VSS" type="power_in"/>
        <pin num="6" name="RB0/INT" type="BiDi"/>
        <pin num="7" name="RB1/RX/DT" type="BiDi"/>
        <pin num="8" name="RB2/TX/CK" type="BiDi"/>
        <pin num="9" name="RB3/CCP1" type="BiDi"/>
        <pin num="10" name="RB4/PGM" type="BiDi"/>
        <pin num="11" name="RB5" type="BiDi"/>
        <pin num="12" name="RB6/T1OSC0/T1CKI/PGC" type="BiDi"/>
        <pin num="13" name="RB7/T1OSI/PGD" type="BiDi"/>
        <pin num="14" name="VDD" type="power_in"/>
        <pin num="15" name="CLKOUT/OSC2/RA6" type="BiDi"/>
        <pin num="16" name="CLKIN/OSC1/RA7" type="BiDi"/>
        <pin num="17" name="AN0/RA0" type="BiDi"/>
        <pin num="18" name="AN1/RA1" type="BiDi"/>
      </pins>
    </libpart>
    <libpart lib="hmi-rescue" part="POT">
      <footprints>
        <fp>Potentiometer*</fp>
      </footprints>
      <fields>
        <field name="Reference">RV</field>
        <field name="Value">POT</field>
      </fields>
      <pins>
        <pin num="1" name="1" type="passive"/>
        <pin num="2" name="2" type="passive"/>
        <pin num="3" name="3" type="passive"/>
      </pins>
    </libpart>
    <libpart lib="hmi-rescue" part="R">
      <footprints>
        <fp>R_*</fp>
        <fp>R_*</fp>
      </footprints>
      <fields>
        <field name="Reference">R</field>
        <field name="Value">R</field>
      </fields>
      <pins>
        <pin num="1" name="~" type="passive"/>
        <pin num="2" name="~" type="passive"/>
      </pins>
    </libpart>
    <libpart lib="hmi-rescue" part="SW_Push">
      <fields>
        <field name="Reference">SW</field>
        <field name="Value">SW_Push</field>
      </fields>
      <pins>
        <pin num="1" name="1" type="passive"/>
        <pin num="2" name="2" type="passive"/>
      </pins>
    </libpart>
  </libparts>
  <libraries>
    <library logical="conn">
      <uri>/home/daniel/kicad/library/conn.lib</uri>
    </library>
    <library logical="hmi-rescue">
      <uri>/home/daniel/OSIMPLC/Hardware/OSIMPLC_HMI_V2.0/hmi-rescue.lib</uri>
    </library>
  </libraries>
  <nets>
    <net code="1" name="Net-(Q2-Pad2)">
      <node ref="R4" pin="1"/>
      <node ref="Q2" pin="2"/>
    </net>
    <net code="2" name="Net-(Q2-Pad1)">
      <node ref="U2" pin="4"/>
      <node ref="Q2" pin="1"/>
      <node ref="R1" pin="1"/>
    </net>
    <net code="3" name="Net-(U1-Pad10)">
      <node ref="U1" pin="10"/>
    </net>
    <net code="4" name="Net-(RV1-Pad2)">
      <node ref="RV1" pin="2"/>
      <node ref="U1" pin="3"/>
    </net>
    <net code="5" name="Net-(U1-Pad7)">
      <node ref="U1" pin="7"/>
    </net>
    <net code="6" name="Net-(SW2-Pad2)">
      <node ref="U2" pin="11"/>
      <node ref="SW2" pin="2"/>
    </net>
    <net code="7" name="Net-(SW3-Pad2)">
      <node ref="SW3" pin="2"/>
      <node ref="U2" pin="12"/>
    </net>
    <net code="8" name="Net-(SW4-Pad2)">
      <node ref="SW4" pin="2"/>
      <node ref="U2" pin="13"/>
    </net>
    <net code="9" name="Net-(U1-Pad8)">
      <node ref="U1" pin="8"/>
    </net>
    <net code="10" name="/RST">
      <node ref="J1" pin="4"/>
      <node ref="J1" pin="3"/>
      <node ref="R4" pin="2"/>
    </net>
    <net code="11" name="Net-(U1-Pad9)">
      <node ref="U1" pin="9"/>
    </net>
    <net code="12" name="Net-(Q1-Pad1)">
      <node ref="U1" pin="16"/>
      <node ref="Q1" pin="1"/>
    </net>
    <net code="13" name="VDD">
      <node ref="R1" pin="2"/>
      <node ref="RV1" pin="1"/>
      <node ref="U2" pin="14"/>
      <node ref="R2" pin="1"/>
      <node ref="C1" pin="1"/>
      <node ref="J1" pin="2"/>
      <node ref="J1" pin="1"/>
      <node ref="U1" pin="2"/>
      <node ref="U1" pin="15"/>
    </net>
    <net code="14" name="Net-(U2-Pad6)">
      <node ref="U2" pin="6"/>
    </net>
    <net code="15" name="/TX">
      <node ref="J1" pin="5"/>
      <node ref="J1" pin="6"/>
      <node ref="U2" pin="8"/>
    </net>
    <net code="16" name="Net-(SW1-Pad2)">
      <node ref="U2" pin="10"/>
      <node ref="SW1" pin="2"/>
    </net>
    <net code="17" name="Net-(U1-Pad13)">
      <node ref="U1" pin="13"/>
      <node ref="U2" pin="15"/>
    </net>
    <net code="18" name="Net-(U1-Pad14)">
      <node ref="U1" pin="14"/>
      <node ref="U2" pin="16"/>
    </net>
    <net code="19" name="Net-(U1-Pad11)">
      <node ref="U2" pin="17"/>
      <node ref="U1" pin="11"/>
    </net>
    <net code="20" name="Net-(U1-Pad5)">
      <node ref="U2" pin="2"/>
      <node ref="U1" pin="5"/>
    </net>
    <net code="21" name="Net-(R2-Pad2)">
      <node ref="U2" pin="3"/>
      <node ref="U1" pin="6"/>
      <node ref="R2" pin="2"/>
    </net>
    <net code="22" name="/RX">
      <node ref="J1" pin="8"/>
      <node ref="J1" pin="7"/>
      <node ref="U2" pin="7"/>
    </net>
    <net code="23" name="/BL">
      <node ref="R3" pin="2"/>
      <node ref="U2" pin="9"/>
    </net>
    <net code="24" name="Net-(Q1-Pad2)">
      <node ref="Q1" pin="2"/>
      <node ref="R3" pin="1"/>
    </net>
    <net code="25" name="GND">
      <node ref="C1" pin="2"/>
      <node ref="J1" pin="10"/>
      <node ref="Q2" pin="3"/>
      <node ref="U1" pin="1"/>
      <node ref="J1" pin="9"/>
      <node ref="RV1" pin="3"/>
      <node ref="U2" pin="5"/>
      <node ref="SW1" pin="1"/>
      <node ref="SW2" pin="1"/>
      <node ref="SW3" pin="1"/>
      <node ref="SW4" pin="1"/>
      <node ref="Q1" pin="3"/>
    </net>
    <net code="26" name="Net-(U1-Pad12)">
      <node ref="U2" pin="18"/>
      <node ref="U1" pin="12"/>
    </net>
    <net code="27" name="Net-(U1-Pad4)">
      <node ref="U1" pin="4"/>
      <node ref="U2" pin="1"/>
    </net>
  </nets>
</export>
