Reference, Quantity, Value, Footprint, Datasheet
D1 D3 D5 D7 ,4,"LED_3","LEDs:LED_D3.0mm",""
D2 D4 ,2,"1N4148","Diodes_THT:D_DO-35_SOD27_P2.54mm_Vertical_KathodeUp",""
D6 D8 ,2,"1N4751A","Diodes_THT:D_DO-41_SOD81_P2.54mm_Vertical_KathodeUp",""
J1 J5 ,2,"Screw_Terminal_01x04","TerminalBlock_Phoenix:TerminalBlock_Phoenix_MKDS1.5-4pol",""
J2 ,1,"Pin_Straight_02x08","Pin_Headers:Pin_Header_Straight_2x08_Pitch2.54mm",""
J3 J4 ,2,"Pin_Straight_02x03","Pin_Headers:Pin_Header_Straight_2x03_Pitch2.54mm",""
Q1 Q2 ,2,"BD139","TO_SOT_Packages_THT:TO-126_Horizontal",""
R1 R3 ,2,"2K2","Resistors_THT:R_Axial_DIN0207_L6.3mm_D2.5mm_P2.54mm_Vertical",""
R10 R2 R4 R9 ,4,"10K","Resistors_THT:R_Axial_DIN0207_L6.3mm_D2.5mm_P2.54mm_Vertical",""
R5 R7 ,2,"100E","Resistors_THT:R_Axial_DIN0207_L6.3mm_D2.5mm_P2.54mm_Vertical",""
R6 R8 ,2,"4K7","Resistors_THT:R_Axial_DIN0207_L6.3mm_D2.5mm_P2.54mm_Vertical",""
U1 U2 ,2,"CNY74-2","Housings_DIP:DIP-8_W7.62mm_LongPads",""