<?xml version="1.0" encoding="UTF-8"?>
<export version="D">
  <design>
    <source>/home/daniel/OSIMPLC/Hardware/OSIMPLC_Lengues_V2.0/e2di2do/e2di2do.sch</source>
    <date>dom 04 nov 2018 11:54:13 -03</date>
    <tool>Eeschema 5.0.1</tool>
    <sheet number="1" name="/" tstamps="/">
      <title_block>
        <title>OSIMPLC_LENGUE_2DI2DO</title>
        <company>by Daniel H. Mirkin</company>
        <rev>2.0</rev>
        <date>2018-01-29</date>
        <source>e2di2do.sch</source>
        <comment number="1" value="Programmable Logic Controller (PIC16F887 based)"/>
        <comment number="2" value="Open Simple Industrial Modular"/>
        <comment number="3" value="2 Digital Inputs 2 Digital Outputs Expansion Board"/>
        <comment number="4" value=""/>
      </title_block>
    </sheet>
  </design>
  <components>
    <comp ref="J2">
      <value>Pin_Straight_02x08</value>
      <footprint>Pin_Headers:Pin_Header_Straight_2x08_Pitch2.54mm</footprint>
      <libsource lib="conn" part="Conn_02x08_Odd_Even" description="Generic connector, double row, 02x08, odd/even pin numbering scheme (row 1 odd numbers, row 2 even numbers)"/>
      <sheetpath names="/" tstamps="/"/>
      <tstamp>5A5E2708</tstamp>
    </comp>
    <comp ref="J1">
      <value>Screw_Terminal_01x04</value>
      <footprint>TerminalBlock_Phoenix:TerminalBlock_Phoenix_MKDS1.5-4pol</footprint>
      <libsource lib="conn" part="Screw_Terminal_01x04" description="Generic screw terminal, single row, 01x04"/>
      <sheetpath names="/" tstamps="/"/>
      <tstamp>5A6B52EE</tstamp>
    </comp>
    <comp ref="J5">
      <value>Screw_Terminal_01x04</value>
      <footprint>TerminalBlock_Phoenix:TerminalBlock_Phoenix_MKDS1.5-4pol</footprint>
      <libsource lib="conn" part="Screw_Terminal_01x04" description="Generic screw terminal, single row, 01x04"/>
      <sheetpath names="/" tstamps="/"/>
      <tstamp>5A6B5A9F</tstamp>
    </comp>
    <comp ref="U2">
      <value>CNY74-2</value>
      <footprint>Housings_DIP:DIP-8_W7.62mm_LongPads</footprint>
      <libsource lib="opto" part="CNY74-2" description="Dual DC Optocoupler, Vce 70V, CTR 100%, DIP-16"/>
      <sheetpath names="/" tstamps="/"/>
      <tstamp>5A6B6B05</tstamp>
    </comp>
    <comp ref="R5">
      <value>100E</value>
      <footprint>Resistors_THT:R_Axial_DIN0207_L6.3mm_D2.5mm_P2.54mm_Vertical</footprint>
      <libsource lib="device" part="R" description="Resistor"/>
      <sheetpath names="/" tstamps="/"/>
      <tstamp>5A6B6D7B</tstamp>
    </comp>
    <comp ref="R7">
      <value>100E</value>
      <footprint>Resistors_THT:R_Axial_DIN0207_L6.3mm_D2.5mm_P2.54mm_Vertical</footprint>
      <libsource lib="device" part="R" description="Resistor"/>
      <sheetpath names="/" tstamps="/"/>
      <tstamp>5A6B717C</tstamp>
    </comp>
    <comp ref="Q1">
      <value>BD139</value>
      <footprint>TO_SOT_Packages_THT:TO-126_Horizontal</footprint>
      <libsource lib="transistors" part="BD139" description="Vce 80V, Ic 1.5A, Low Voltage Transistor, TO-126"/>
      <sheetpath names="/" tstamps="/"/>
      <tstamp>5A6B8C5E</tstamp>
    </comp>
    <comp ref="Q2">
      <value>BD139</value>
      <footprint>TO_SOT_Packages_THT:TO-126_Horizontal</footprint>
      <libsource lib="transistors" part="BD139" description="Vce 80V, Ic 1.5A, Low Voltage Transistor, TO-126"/>
      <sheetpath names="/" tstamps="/"/>
      <tstamp>5A6B8D3F</tstamp>
    </comp>
    <comp ref="R6">
      <value>4K7</value>
      <footprint>Resistors_THT:R_Axial_DIN0207_L6.3mm_D2.5mm_P2.54mm_Vertical</footprint>
      <libsource lib="device" part="R" description="Resistor"/>
      <sheetpath names="/" tstamps="/"/>
      <tstamp>5A6B9131</tstamp>
    </comp>
    <comp ref="R8">
      <value>4K7</value>
      <footprint>Resistors_THT:R_Axial_DIN0207_L6.3mm_D2.5mm_P2.54mm_Vertical</footprint>
      <libsource lib="device" part="R" description="Resistor"/>
      <sheetpath names="/" tstamps="/"/>
      <tstamp>5A6B9284</tstamp>
    </comp>
    <comp ref="D6">
      <value>1N4751A</value>
      <footprint>Diodes_THT:D_DO-41_SOD81_P2.54mm_Vertical_KathodeUp</footprint>
      <libsource lib="diode" part="ZPYxx" description="1300mW Zener Diode, DO-41"/>
      <sheetpath names="/" tstamps="/"/>
      <tstamp>5A6B9571</tstamp>
    </comp>
    <comp ref="D8">
      <value>1N4751A</value>
      <footprint>Diodes_THT:D_DO-41_SOD81_P2.54mm_Vertical_KathodeUp</footprint>
      <libsource lib="diode" part="ZPYxx" description="1300mW Zener Diode, DO-41"/>
      <sheetpath names="/" tstamps="/"/>
      <tstamp>5A6B9698</tstamp>
    </comp>
    <comp ref="D1">
      <value>LED_3</value>
      <footprint>LEDs:LED_D3.0mm</footprint>
      <libsource lib="device" part="LED" description="LED generic"/>
      <sheetpath names="/" tstamps="/"/>
      <tstamp>5A6F3A77</tstamp>
    </comp>
    <comp ref="R1">
      <value>2K2</value>
      <footprint>Resistors_THT:R_Axial_DIN0207_L6.3mm_D2.5mm_P2.54mm_Vertical</footprint>
      <libsource lib="device" part="R" description="Resistor"/>
      <sheetpath names="/" tstamps="/"/>
      <tstamp>5A6F3A78</tstamp>
    </comp>
    <comp ref="D2">
      <value>1N4148</value>
      <footprint>Diodes_THT:D_DO-35_SOD27_P2.54mm_Vertical_KathodeUp</footprint>
      <libsource lib="device" part="D" description="Diode"/>
      <sheetpath names="/" tstamps="/"/>
      <tstamp>5A6F3A79</tstamp>
    </comp>
    <comp ref="R2">
      <value>10K</value>
      <footprint>Resistors_THT:R_Axial_DIN0207_L6.3mm_D2.5mm_P2.54mm_Vertical</footprint>
      <libsource lib="device" part="R" description="Resistor"/>
      <sheetpath names="/" tstamps="/"/>
      <tstamp>5A6F3A7A</tstamp>
    </comp>
    <comp ref="J3">
      <value>Pin_Straight_02x03</value>
      <footprint>Pin_Headers:Pin_Header_Straight_2x03_Pitch2.54mm</footprint>
      <libsource lib="conn" part="Conn_02x03_Odd_Even" description="Generic connector, double row, 02x03, odd/even pin numbering scheme (row 1 odd numbers, row 2 even numbers)"/>
      <sheetpath names="/" tstamps="/"/>
      <tstamp>5A6F3A7B</tstamp>
    </comp>
    <comp ref="R4">
      <value>10K</value>
      <footprint>Resistors_THT:R_Axial_DIN0207_L6.3mm_D2.5mm_P2.54mm_Vertical</footprint>
      <libsource lib="device" part="R" description="Resistor"/>
      <sheetpath names="/" tstamps="/"/>
      <tstamp>5A6F3A7C</tstamp>
    </comp>
    <comp ref="D3">
      <value>LED_3</value>
      <footprint>LEDs:LED_D3.0mm</footprint>
      <libsource lib="device" part="LED" description="LED generic"/>
      <sheetpath names="/" tstamps="/"/>
      <tstamp>5A6F3A7D</tstamp>
    </comp>
    <comp ref="R3">
      <value>2K2</value>
      <footprint>Resistors_THT:R_Axial_DIN0207_L6.3mm_D2.5mm_P2.54mm_Vertical</footprint>
      <libsource lib="device" part="R" description="Resistor"/>
      <sheetpath names="/" tstamps="/"/>
      <tstamp>5A6F3A7E</tstamp>
    </comp>
    <comp ref="D4">
      <value>1N4148</value>
      <footprint>Diodes_THT:D_DO-35_SOD27_P2.54mm_Vertical_KathodeUp</footprint>
      <libsource lib="device" part="D" description="Diode"/>
      <sheetpath names="/" tstamps="/"/>
      <tstamp>5A6F3A7F</tstamp>
    </comp>
    <comp ref="J4">
      <value>Pin_Straight_02x03</value>
      <footprint>Pin_Headers:Pin_Header_Straight_2x03_Pitch2.54mm</footprint>
      <libsource lib="conn" part="Conn_02x03_Odd_Even" description="Generic connector, double row, 02x03, odd/even pin numbering scheme (row 1 odd numbers, row 2 even numbers)"/>
      <sheetpath names="/" tstamps="/"/>
      <tstamp>5A6F3A80</tstamp>
    </comp>
    <comp ref="U1">
      <value>CNY74-2</value>
      <footprint>Housings_DIP:DIP-8_W7.62mm_LongPads</footprint>
      <libsource lib="opto" part="CNY74-2" description="Dual DC Optocoupler, Vce 70V, CTR 100%, DIP-16"/>
      <sheetpath names="/" tstamps="/"/>
      <tstamp>5A6F3A81</tstamp>
    </comp>
    <comp ref="R9">
      <value>10K</value>
      <footprint>Resistors_THT:R_Axial_DIN0207_L6.3mm_D2.5mm_P2.54mm_Vertical</footprint>
      <libsource lib="device" part="R" description="Resistor"/>
      <sheetpath names="/" tstamps="/"/>
      <tstamp>5A897A19</tstamp>
    </comp>
    <comp ref="R10">
      <value>10K</value>
      <footprint>Resistors_THT:R_Axial_DIN0207_L6.3mm_D2.5mm_P2.54mm_Vertical</footprint>
      <libsource lib="device" part="R" description="Resistor"/>
      <sheetpath names="/" tstamps="/"/>
      <tstamp>5A897B33</tstamp>
    </comp>
    <comp ref="D5">
      <value>LED_3</value>
      <footprint>LEDs:LED_D3.0mm</footprint>
      <libsource lib="device" part="LED" description="LED generic"/>
      <sheetpath names="/" tstamps="/"/>
      <tstamp>5A8AE567</tstamp>
    </comp>
    <comp ref="D7">
      <value>LED_3</value>
      <footprint>LEDs:LED_D3.0mm</footprint>
      <libsource lib="device" part="LED" description="LED generic"/>
      <sheetpath names="/" tstamps="/"/>
      <tstamp>5A8AE866</tstamp>
    </comp>
  </components>
  <libparts>
    <libpart lib="conn" part="Conn_02x03_Odd_Even">
      <description>Generic connector, double row, 02x03, odd/even pin numbering scheme (row 1 odd numbers, row 2 even numbers)</description>
      <docs>~</docs>
      <footprints>
        <fp>Connector*:*2x??x*mm*</fp>
        <fp>Connector*:*2x???Pitch*</fp>
        <fp>Pin_Header_Straight_2X*</fp>
        <fp>Pin_Header_Angled_2X*</fp>
        <fp>Socket_Strip_Straight_2X*</fp>
        <fp>Socket_Strip_Angled_2X*</fp>
      </footprints>
      <fields>
        <field name="Reference">J</field>
        <field name="Value">Conn_02x03_Odd_Even</field>
      </fields>
      <pins>
        <pin num="1" name="Pin_1" type="passive"/>
        <pin num="2" name="Pin_2" type="passive"/>
        <pin num="3" name="Pin_3" type="passive"/>
        <pin num="4" name="Pin_4" type="passive"/>
        <pin num="5" name="Pin_5" type="passive"/>
        <pin num="6" name="Pin_6" type="passive"/>
      </pins>
    </libpart>
    <libpart lib="conn" part="Conn_02x08_Odd_Even">
      <description>Generic connector, double row, 02x08, odd/even pin numbering scheme (row 1 odd numbers, row 2 even numbers)</description>
      <docs>~</docs>
      <footprints>
        <fp>Connector*:*2x??x*mm*</fp>
        <fp>Connector*:*2x???Pitch*</fp>
        <fp>Pin_Header_Straight_2X*</fp>
        <fp>Pin_Header_Angled_2X*</fp>
        <fp>Socket_Strip_Straight_2X*</fp>
        <fp>Socket_Strip_Angled_2X*</fp>
      </footprints>
      <fields>
        <field name="Reference">J</field>
        <field name="Value">Conn_02x08_Odd_Even</field>
      </fields>
      <pins>
        <pin num="1" name="Pin_1" type="passive"/>
        <pin num="2" name="Pin_2" type="passive"/>
        <pin num="3" name="Pin_3" type="passive"/>
        <pin num="4" name="Pin_4" type="passive"/>
        <pin num="5" name="Pin_5" type="passive"/>
        <pin num="6" name="Pin_6" type="passive"/>
        <pin num="7" name="Pin_7" type="passive"/>
        <pin num="8" name="Pin_8" type="passive"/>
        <pin num="9" name="Pin_9" type="passive"/>
        <pin num="10" name="Pin_10" type="passive"/>
        <pin num="11" name="Pin_11" type="passive"/>
        <pin num="12" name="Pin_12" type="passive"/>
        <pin num="13" name="Pin_13" type="passive"/>
        <pin num="14" name="Pin_14" type="passive"/>
        <pin num="15" name="Pin_15" type="passive"/>
        <pin num="16" name="Pin_16" type="passive"/>
      </pins>
    </libpart>
    <libpart lib="conn" part="Screw_Terminal_01x04">
      <description>Generic screw terminal, single row, 01x04</description>
      <docs>~</docs>
      <footprints>
        <fp>Connector*Terminal*Block*:*</fp>
        <fp>TerminalBlock*</fp>
      </footprints>
      <fields>
        <field name="Reference">J</field>
        <field name="Value">Screw_Terminal_01x04</field>
      </fields>
      <pins>
        <pin num="1" name="Pin_1" type="passive"/>
        <pin num="2" name="Pin_2" type="passive"/>
        <pin num="3" name="Pin_3" type="passive"/>
        <pin num="4" name="Pin_4" type="passive"/>
      </pins>
    </libpart>
    <libpart lib="device" part="D">
      <description>Diode</description>
      <footprints>
        <fp>TO-???*</fp>
        <fp>*SingleDiode</fp>
        <fp>*_Diode_*</fp>
        <fp>*SingleDiode*</fp>
        <fp>D_*</fp>
      </footprints>
      <fields>
        <field name="Reference">D</field>
        <field name="Value">D</field>
      </fields>
      <pins>
        <pin num="1" name="K" type="passive"/>
        <pin num="2" name="A" type="passive"/>
      </pins>
    </libpart>
    <libpart lib="device" part="LED">
      <description>LED generic</description>
      <footprints>
        <fp>LED*</fp>
      </footprints>
      <fields>
        <field name="Reference">D</field>
        <field name="Value">LED</field>
      </fields>
      <pins>
        <pin num="1" name="K" type="passive"/>
        <pin num="2" name="A" type="passive"/>
      </pins>
    </libpart>
    <libpart lib="device" part="R">
      <description>Resistor</description>
      <footprints>
        <fp>R_*</fp>
        <fp>R_*</fp>
      </footprints>
      <fields>
        <field name="Reference">R</field>
        <field name="Value">R</field>
      </fields>
      <pins>
        <pin num="1" name="~" type="passive"/>
        <pin num="2" name="~" type="passive"/>
      </pins>
    </libpart>
    <libpart lib="diode" part="ZPYxx">
      <description>1300mW Zener Diode, DO-41</description>
      <docs>http://www.vishay.com/docs/85790/zpy3v9.pdf</docs>
      <footprints>
        <fp>D*DO?41*</fp>
      </footprints>
      <fields>
        <field name="Reference">D</field>
        <field name="Value">ZPYxx</field>
        <field name="Footprint">Diodes_THT:D_DO-41_SOD81_Horizontal_RM10</field>
      </fields>
      <pins>
        <pin num="1" name="K" type="passive"/>
        <pin num="2" name="A" type="passive"/>
      </pins>
    </libpart>
    <libpart lib="opto" part="CNY74-2">
      <description>Dual DC Optocoupler, Vce 70V, CTR 100%, DIP-16</description>
      <footprints>
        <fp>DIP*W7.62mm*</fp>
      </footprints>
      <fields>
        <field name="Reference">U</field>
        <field name="Value">CNY74-2</field>
        <field name="Footprint">Housings_DIP:DIP-16_W7.62mm</field>
      </fields>
      <pins>
        <pin num="1" name="~" type="passive"/>
        <pin num="2" name="~" type="passive"/>
        <pin num="3" name="~" type="passive"/>
        <pin num="4" name="~" type="passive"/>
        <pin num="5" name="~" type="passive"/>
        <pin num="6" name="~" type="passive"/>
        <pin num="7" name="~" type="passive"/>
        <pin num="8" name="~" type="passive"/>
      </pins>
    </libpart>
    <libpart lib="transistors" part="BD139">
      <aliases>
        <alias>BD135</alias>
        <alias>BD137</alias>
        <alias>BD233</alias>
        <alias>BD235</alias>
        <alias>BD237</alias>
      </aliases>
      <description>Vce 80V, Ic 1.5A, Low Voltage Transistor, TO-126</description>
      <docs>http://www.st.com/internet/com/TECHNICAL_RESOURCES/TECHNICAL_LITERATURE/DATASHEET/CD00001225.pdf</docs>
      <footprints>
        <fp>TO?126*</fp>
      </footprints>
      <fields>
        <field name="Reference">Q</field>
        <field name="Value">BD139</field>
        <field name="Footprint">TO_SOT_Packages_THT:TO-126_Vertical</field>
      </fields>
      <pins>
        <pin num="1" name="E" type="passive"/>
        <pin num="2" name="C" type="passive"/>
        <pin num="3" name="B" type="input"/>
      </pins>
    </libpart>
  </libparts>
  <libraries>
    <library logical="conn">
      <uri>/home/daniel/kicad/library/conn.lib</uri>
    </library>
    <library logical="device">
      <uri>/home/daniel/kicad/library/device.lib</uri>
    </library>
    <library logical="diode">
      <uri>/home/daniel/kicad/library/diode.lib</uri>
    </library>
    <library logical="opto">
      <uri>/home/daniel/kicad/library/opto.lib</uri>
    </library>
    <library logical="transistors">
      <uri>/home/daniel/kicad/library/transistors.lib</uri>
    </library>
  </libraries>
  <nets>
    <net code="1" name="Net-(D4-Pad2)">
      <node ref="R3" pin="1"/>
      <node ref="D4" pin="2"/>
    </net>
    <net code="2" name="Net-(D3-Pad1)">
      <node ref="D3" pin="1"/>
      <node ref="R3" pin="2"/>
    </net>
    <net code="3" name="Net-(D3-Pad2)">
      <node ref="D3" pin="2"/>
      <node ref="J4" pin="3"/>
    </net>
    <net code="4" name="/RE0">
      <node ref="J2" pin="7"/>
      <node ref="U1" pin="5"/>
      <node ref="R4" pin="2"/>
      <node ref="J2" pin="8"/>
    </net>
    <net code="5" name="Net-(J4-Pad4)">
      <node ref="U1" pin="3"/>
      <node ref="J4" pin="4"/>
    </net>
    <net code="6" name="/RD">
      <node ref="J4" pin="5"/>
      <node ref="J1" pin="3"/>
      <node ref="J4" pin="6"/>
    </net>
    <net code="7" name="/XD">
      <node ref="J4" pin="2"/>
      <node ref="J1" pin="4"/>
      <node ref="J4" pin="1"/>
    </net>
    <net code="8" name="Net-(D2-Pad1)">
      <node ref="D2" pin="1"/>
      <node ref="U1" pin="1"/>
    </net>
    <net code="9" name="Net-(D1-Pad2)">
      <node ref="J3" pin="3"/>
      <node ref="D1" pin="2"/>
    </net>
    <net code="10" name="Net-(D1-Pad1)">
      <node ref="D1" pin="1"/>
      <node ref="R1" pin="2"/>
    </net>
    <net code="11" name="Net-(D2-Pad2)">
      <node ref="R1" pin="1"/>
      <node ref="D2" pin="2"/>
    </net>
    <net code="12" name="/+V">
      <node ref="J5" pin="3"/>
      <node ref="U2" pin="7"/>
      <node ref="U2" pin="6"/>
    </net>
    <net code="13" name="Net-(R8-Pad2)">
      <node ref="U2" pin="5"/>
      <node ref="R8" pin="2"/>
    </net>
    <net code="14" name="Net-(R6-Pad2)">
      <node ref="R6" pin="2"/>
      <node ref="U2" pin="8"/>
    </net>
    <net code="15" name="/RC">
      <node ref="J3" pin="6"/>
      <node ref="J3" pin="5"/>
      <node ref="J1" pin="1"/>
    </net>
    <net code="16" name="Net-(J3-Pad4)">
      <node ref="J3" pin="4"/>
      <node ref="U1" pin="2"/>
    </net>
    <net code="17" name="/XC">
      <node ref="J3" pin="2"/>
      <node ref="J3" pin="1"/>
      <node ref="J1" pin="2"/>
    </net>
    <net code="18" name="/RA5">
      <node ref="J2" pin="5"/>
      <node ref="J2" pin="6"/>
      <node ref="U1" pin="8"/>
      <node ref="R2" pin="2"/>
    </net>
    <net code="19" name="/GND">
      <node ref="J2" pin="16"/>
      <node ref="U2" pin="3"/>
      <node ref="U2" pin="2"/>
      <node ref="J2" pin="15"/>
      <node ref="J2" pin="2"/>
      <node ref="R4" pin="1"/>
      <node ref="J2" pin="1"/>
      <node ref="R2" pin="1"/>
    </net>
    <net code="20" name="Net-(D4-Pad1)">
      <node ref="D4" pin="1"/>
      <node ref="U1" pin="4"/>
    </net>
    <net code="21" name="/VDD">
      <node ref="J2" pin="4"/>
      <node ref="J2" pin="3"/>
      <node ref="U1" pin="6"/>
      <node ref="U1" pin="7"/>
    </net>
    <net code="22" name="/RE1">
      <node ref="J2" pin="10"/>
      <node ref="J2" pin="9"/>
      <node ref="R5" pin="2"/>
    </net>
    <net code="23" name="/RE2">
      <node ref="R7" pin="2"/>
      <node ref="J2" pin="11"/>
      <node ref="J2" pin="12"/>
    </net>
    <net code="24" name="Net-(D7-Pad2)">
      <node ref="R7" pin="1"/>
      <node ref="D7" pin="2"/>
    </net>
    <net code="25" name="Net-(D5-Pad2)">
      <node ref="R5" pin="1"/>
      <node ref="D5" pin="2"/>
    </net>
    <net code="26" name="Net-(D7-Pad1)">
      <node ref="D7" pin="1"/>
      <node ref="U2" pin="4"/>
    </net>
    <net code="27" name="Net-(D5-Pad1)">
      <node ref="U2" pin="1"/>
      <node ref="D5" pin="1"/>
    </net>
    <net code="28" name="/VAA">
      <node ref="J2" pin="14"/>
      <node ref="J2" pin="13"/>
    </net>
    <net code="29" name="/YD">
      <node ref="Q2" pin="2"/>
      <node ref="J5" pin="1"/>
      <node ref="D8" pin="1"/>
    </net>
    <net code="30" name="/GND_OUT">
      <node ref="J5" pin="4"/>
      <node ref="Q1" pin="1"/>
      <node ref="D8" pin="2"/>
      <node ref="Q2" pin="1"/>
      <node ref="R9" pin="1"/>
      <node ref="D6" pin="2"/>
      <node ref="R10" pin="1"/>
    </net>
    <net code="31" name="/YC">
      <node ref="Q1" pin="2"/>
      <node ref="J5" pin="2"/>
      <node ref="D6" pin="1"/>
    </net>
    <net code="32" name="Net-(Q2-Pad3)">
      <node ref="R8" pin="1"/>
      <node ref="R10" pin="2"/>
      <node ref="Q2" pin="3"/>
    </net>
    <net code="33" name="Net-(Q1-Pad3)">
      <node ref="R6" pin="1"/>
      <node ref="Q1" pin="3"/>
      <node ref="R9" pin="2"/>
    </net>
  </nets>
</export>
