Reference, Quantity, Value, Footprint, Datasheet
C1 C3 C4 ,3,"0.1uF_50V","Capacitors_THT:C_Disc_D6.0mm_W2.5mm_P5.00mm",""
C2 ,1,"1uF_25V_tantal","Capacitors_THT:C_Disc_D5.0mm_W2.5mm_P2.50mm",""
D1 D2 ,2,"1N4007","Diodes_THT:D_DO-41_SOD81_P2.54mm_Vertical_KathodeUp",""
D3 ,1,"1N4751A","Diodes_THT:D_DO-41_SOD81_P2.54mm_Vertical_KathodeUp",""
F1 F2 F3 F4 F5 ,5,"Fuse","Fuse_Holders_and_Fuses:Fuseholder5x20_horiz_SemiClosed_Casing10x25mm",""
J1 ,1,"Pin_Angled_02x08","Pin_Headers:Pin_Header_Angled_2x08_Pitch2.54mm",""
J2 ,1,"Screw_Terminal_02x10","TerminalBlock_2levels:TerminalBlock_10pol_2levels_5mm",""
J3 ,1,"Pin_Straight_02x06","Pin_Headers:Pin_Header_Straight_2x06_Pitch2.54mm",""
K1 K2 ,2,"FINDER-30.22","Relays_THT:Relay_DPDT_Finder_30.22",""
Q1 Q2 Q3 Q4 ,4,"BD139","TO_SOT_Packages_THT:TO-126_Vertical",""
R1 R2 ,2,"22K","Resistors_THT:R_Axial_DIN0207_L6.3mm_D2.5mm_P2.54mm_Vertical",""
R10 R9 ,2,"1K_1%","Resistors_THT:R_Axial_DIN0207_L6.3mm_D2.5mm_P2.54mm_Vertical",""
R13 ,1,"4K7","Resistors_THT:R_Axial_DIN0207_L6.3mm_D2.5mm_P2.54mm_Vertical",""
R4 ,1,"100K_1%","Resistors_THT:R_Axial_DIN0207_L6.3mm_D2.5mm_P2.54mm_Vertical",""
R11 R12 R3 R5 ,4,"10K","Resistors_THT:R_Axial_DIN0207_L6.3mm_D2.5mm_P2.54mm_Vertical",""
R6 ,1,"15K_1%","Resistors_THT:R_Axial_DIN0207_L6.3mm_D2.5mm_P2.54mm_Vertical",""
R7 ,1,"100E","Resistors_THT:R_Axial_DIN0207_L6.3mm_D2.5mm_P2.54mm_Vertical",""
R8 ,1,"10K_1%","Resistors_THT:R_Axial_DIN0207_L6.3mm_D2.5mm_P2.54mm_Vertical",""
RV1 RV2 ,2,"07N680K","Varistors:RV_Disc_D7_W3.4_P5",""
U1 ,1,"LM7812_TO220","TO_SOT_Packages_THT:TO-220_Horizontal",""
U2 ,1,"LM358","Housings_DIP:DIP-8_W7.62mm_LongPads",""