<?xml version="1.0" encoding="UTF-8"?>
<export version="D">
  <design>
    <source>/home/daniel/OSIMPLC/Hardware/OSIMPLC_Outputs_V2.0/omx/omx.sch</source>
    <date>dom 04 nov 2018 12:17:55 -03</date>
    <tool>Eeschema 5.0.1</tool>
    <sheet number="1" name="/" tstamps="/">
      <title_block>
        <title>OSIMPLC OMX</title>
        <company>2 RELAYS + 1 NPN + 1 ANALOG OUTPUT</company>
        <rev>1.0</rev>
        <date>2017-11-16</date>
        <source>omx.sch</source>
        <comment number="1" value=""/>
        <comment number="2" value=""/>
        <comment number="3" value=""/>
        <comment number="4" value=""/>
      </title_block>
    </sheet>
  </design>
  <components>
    <comp ref="J1">
      <value>Pin_Angled_02x08</value>
      <footprint>Pin_Headers:Pin_Header_Angled_2x08_Pitch2.54mm</footprint>
      <libsource lib="conn" part="Conn_02x08_Odd_Even" description="Generic connector, double row, 02x08, odd/even pin numbering scheme (row 1 odd numbers, row 2 even numbers)"/>
      <sheetpath names="/" tstamps="/"/>
      <tstamp>59EA1E5E</tstamp>
    </comp>
    <comp ref="R1">
      <value>22K</value>
      <footprint>Resistors_THT:R_Axial_DIN0207_L6.3mm_D2.5mm_P2.54mm_Vertical</footprint>
      <libsource lib="device" part="R" description="Resistor"/>
      <sheetpath names="/" tstamps="/"/>
      <tstamp>59EA1F21</tstamp>
    </comp>
    <comp ref="F2">
      <value>Fuse</value>
      <footprint>Fuse_Holders_and_Fuses:Fuseholder5x20_horiz_SemiClosed_Casing10x25mm</footprint>
      <libsource lib="device" part="Fuse" description="Fuse, generic"/>
      <sheetpath names="/" tstamps="/"/>
      <tstamp>59EA11F7</tstamp>
    </comp>
    <comp ref="F1">
      <value>Fuse</value>
      <footprint>Fuse_Holders_and_Fuses:Fuseholder5x20_horiz_SemiClosed_Casing10x25mm</footprint>
      <libsource lib="device" part="Fuse" description="Fuse, generic"/>
      <sheetpath names="/" tstamps="/"/>
      <tstamp>59EA219E</tstamp>
    </comp>
    <comp ref="J2">
      <value>Screw_Terminal_02x10</value>
      <footprint>TerminalBlock_2levels:TerminalBlock_10pol_2levels_5mm</footprint>
      <libsource lib="conn" part="Screw_Terminal_02x10" description="Generic screw terminal, single row, 01x10"/>
      <sheetpath names="/" tstamps="/"/>
      <tstamp>59F67336</tstamp>
    </comp>
    <comp ref="D1">
      <value>1N4007</value>
      <footprint>Diodes_THT:D_DO-41_SOD81_P2.54mm_Vertical_KathodeUp</footprint>
      <libsource lib="diode" part="1N4007" description="1000V 1A General Purpose Rectifier Diode, DO-41"/>
      <sheetpath names="/" tstamps="/"/>
      <tstamp>59FB35EA</tstamp>
    </comp>
    <comp ref="RV1">
      <value>07N680K</value>
      <footprint>Varistors:RV_Disc_D7_W3.4_P5</footprint>
      <libsource lib="device" part="Varistor" description="Voltage dependent resistor"/>
      <sheetpath names="/" tstamps="/"/>
      <tstamp>59FB75FF</tstamp>
    </comp>
    <comp ref="K1">
      <value>FINDER-30.22</value>
      <footprint>Relays_THT:Relay_DPDT_Finder_30.22</footprint>
      <libsource lib="relays" part="FINDER-30.22" description="FINDER 30.52, Dual Pole Relay, Subminiature 5mm Pitch, 2A"/>
      <sheetpath names="/" tstamps="/"/>
      <tstamp>5A03DBD0</tstamp>
    </comp>
    <comp ref="R2">
      <value>22K</value>
      <footprint>Resistors_THT:R_Axial_DIN0207_L6.3mm_D2.5mm_P2.54mm_Vertical</footprint>
      <libsource lib="device" part="R" description="Resistor"/>
      <sheetpath names="/" tstamps="/"/>
      <tstamp>5A03F594</tstamp>
    </comp>
    <comp ref="F3">
      <value>Fuse</value>
      <footprint>Fuse_Holders_and_Fuses:Fuseholder5x20_horiz_SemiClosed_Casing10x25mm</footprint>
      <libsource lib="device" part="Fuse" description="Fuse, generic"/>
      <sheetpath names="/" tstamps="/"/>
      <tstamp>5A03F59A</tstamp>
    </comp>
    <comp ref="D2">
      <value>1N4007</value>
      <footprint>Diodes_THT:D_DO-41_SOD81_P2.54mm_Vertical_KathodeUp</footprint>
      <libsource lib="diode" part="1N4007" description="1000V 1A General Purpose Rectifier Diode, DO-41"/>
      <sheetpath names="/" tstamps="/"/>
      <tstamp>5A03F5A9</tstamp>
    </comp>
    <comp ref="RV2">
      <value>07N680K</value>
      <footprint>Varistors:RV_Disc_D7_W3.4_P5</footprint>
      <libsource lib="device" part="Varistor" description="Voltage dependent resistor"/>
      <sheetpath names="/" tstamps="/"/>
      <tstamp>5A03F5BF</tstamp>
    </comp>
    <comp ref="K2">
      <value>FINDER-30.22</value>
      <footprint>Relays_THT:Relay_DPDT_Finder_30.22</footprint>
      <libsource lib="relays" part="FINDER-30.22" description="FINDER 30.52, Dual Pole Relay, Subminiature 5mm Pitch, 2A"/>
      <sheetpath names="/" tstamps="/"/>
      <tstamp>5A03F5CD</tstamp>
    </comp>
    <comp ref="F4">
      <value>Fuse</value>
      <footprint>Fuse_Holders_and_Fuses:Fuseholder5x20_horiz_SemiClosed_Casing10x25mm</footprint>
      <libsource lib="device" part="Fuse" description="Fuse, generic"/>
      <sheetpath names="/" tstamps="/"/>
      <tstamp>5A03F80A</tstamp>
    </comp>
    <comp ref="U2">
      <value>LM358</value>
      <footprint>Housings_DIP:DIP-8_W7.62mm_LongPads</footprint>
      <libsource lib="linear" part="LM358" description="Low-Power, Dual Operational Amplifiers, DIP-8/SOIC-8/TO-99-8"/>
      <sheetpath names="/" tstamps="/"/>
      <tstamp>5A0E6C4F</tstamp>
    </comp>
    <comp ref="R4">
      <value>100K_1%</value>
      <footprint>Resistors_THT:R_Axial_DIN0207_L6.3mm_D2.5mm_P2.54mm_Vertical</footprint>
      <libsource lib="device" part="R" description="Resistor"/>
      <sheetpath names="/" tstamps="/"/>
      <tstamp>5A0E7474</tstamp>
    </comp>
    <comp ref="C2">
      <value>1uF_25V_tantal</value>
      <footprint>Capacitors_THT:C_Disc_D5.0mm_W2.5mm_P2.50mm</footprint>
      <libsource lib="device" part="CP" description="Polarised capacitor"/>
      <sheetpath names="/" tstamps="/"/>
      <tstamp>5A0E7640</tstamp>
    </comp>
    <comp ref="R6">
      <value>15K_1%</value>
      <footprint>Resistors_THT:R_Axial_DIN0207_L6.3mm_D2.5mm_P2.54mm_Vertical</footprint>
      <libsource lib="device" part="R" description="Resistor"/>
      <sheetpath names="/" tstamps="/"/>
      <tstamp>5A0E7816</tstamp>
    </comp>
    <comp ref="R8">
      <value>10K_1%</value>
      <footprint>Resistors_THT:R_Axial_DIN0207_L6.3mm_D2.5mm_P2.54mm_Vertical</footprint>
      <libsource lib="device" part="R" description="Resistor"/>
      <sheetpath names="/" tstamps="/"/>
      <tstamp>5A0E78A9</tstamp>
    </comp>
    <comp ref="U1">
      <value>LM7812_TO220</value>
      <footprint>TO_SOT_Packages_THT:TO-220_Horizontal</footprint>
      <libsource lib="regul" part="LM7812_TO220" description="Positive 1A 35V Linear Regulator, Fixed Output 12V, TO-220"/>
      <sheetpath names="/" tstamps="/"/>
      <tstamp>5A0E7A42</tstamp>
    </comp>
    <comp ref="C1">
      <value>0.1uF_50V</value>
      <footprint>Capacitors_THT:C_Disc_D6.0mm_W2.5mm_P5.00mm</footprint>
      <libsource lib="device" part="C" description="Unpolarized capacitor"/>
      <sheetpath names="/" tstamps="/"/>
      <tstamp>5A0E7DFB</tstamp>
    </comp>
    <comp ref="R10">
      <value>1K_1%</value>
      <footprint>Resistors_THT:R_Axial_DIN0207_L6.3mm_D2.5mm_P2.54mm_Vertical</footprint>
      <libsource lib="device" part="R" description="Resistor"/>
      <sheetpath names="/" tstamps="/"/>
      <tstamp>5A0EA83D</tstamp>
    </comp>
    <comp ref="R9">
      <value>1K_1%</value>
      <footprint>Resistors_THT:R_Axial_DIN0207_L6.3mm_D2.5mm_P2.54mm_Vertical</footprint>
      <libsource lib="device" part="R" description="Resistor"/>
      <sheetpath names="/" tstamps="/"/>
      <tstamp>5A0EA8C0</tstamp>
    </comp>
    <comp ref="C3">
      <value>0.1uF_50V</value>
      <footprint>Capacitors_THT:C_Disc_D6.0mm_W2.5mm_P5.00mm</footprint>
      <libsource lib="device" part="C" description="Unpolarized capacitor"/>
      <sheetpath names="/" tstamps="/"/>
      <tstamp>5A0F17B7</tstamp>
    </comp>
    <comp ref="R7">
      <value>100E</value>
      <footprint>Resistors_THT:R_Axial_DIN0207_L6.3mm_D2.5mm_P2.54mm_Vertical</footprint>
      <libsource lib="device" part="R" description="Resistor"/>
      <sheetpath names="/" tstamps="/"/>
      <tstamp>5A0F53C1</tstamp>
    </comp>
    <comp ref="J3">
      <value>Pin_Straight_02x06</value>
      <footprint>Pin_Headers:Pin_Header_Straight_2x06_Pitch2.54mm</footprint>
      <libsource lib="conn" part="Conn_02x06_Odd_Even" description="Generic connector, double row, 02x06, odd/even pin numbering scheme (row 1 odd numbers, row 2 even numbers)"/>
      <sheetpath names="/" tstamps="/"/>
      <tstamp>5A1000DA</tstamp>
    </comp>
    <comp ref="R5">
      <value>10K</value>
      <footprint>Resistors_THT:R_Axial_DIN0207_L6.3mm_D2.5mm_P2.54mm_Vertical</footprint>
      <libsource lib="device" part="R" description="Resistor"/>
      <sheetpath names="/" tstamps="/"/>
      <tstamp>5A100F43</tstamp>
    </comp>
    <comp ref="F5">
      <value>Fuse</value>
      <footprint>Fuse_Holders_and_Fuses:Fuseholder5x20_horiz_SemiClosed_Casing10x25mm</footprint>
      <libsource lib="device" part="Fuse" description="Fuse, generic"/>
      <sheetpath names="/" tstamps="/"/>
      <tstamp>5A114548</tstamp>
    </comp>
    <comp ref="Q1">
      <value>BD139</value>
      <footprint>TO_SOT_Packages_THT:TO-126_Vertical</footprint>
      <libsource lib="transistors" part="BD139" description="Vce 80V, Ic 1.5A, Low Voltage Transistor, TO-126"/>
      <sheetpath names="/" tstamps="/"/>
      <tstamp>5A48EE5A</tstamp>
    </comp>
    <comp ref="Q2">
      <value>BD139</value>
      <footprint>TO_SOT_Packages_THT:TO-126_Vertical</footprint>
      <libsource lib="transistors" part="BD139" description="Vce 80V, Ic 1.5A, Low Voltage Transistor, TO-126"/>
      <sheetpath names="/" tstamps="/"/>
      <tstamp>5A48EF2E</tstamp>
    </comp>
    <comp ref="Q4">
      <value>BD139</value>
      <footprint>TO_SOT_Packages_THT:TO-126_Vertical</footprint>
      <libsource lib="transistors" part="BD139" description="Vce 80V, Ic 1.5A, Low Voltage Transistor, TO-126"/>
      <sheetpath names="/" tstamps="/"/>
      <tstamp>5A48F6A1</tstamp>
    </comp>
    <comp ref="C4">
      <value>0.1uF_50V</value>
      <footprint>Capacitors_THT:C_Disc_D6.0mm_W2.5mm_P5.00mm</footprint>
      <libsource lib="device" part="C" description="Unpolarized capacitor"/>
      <sheetpath names="/" tstamps="/"/>
      <tstamp>5A522ACD</tstamp>
    </comp>
    <comp ref="R3">
      <value>10K</value>
      <footprint>Resistors_THT:R_Axial_DIN0207_L6.3mm_D2.5mm_P2.54mm_Vertical</footprint>
      <libsource lib="device" part="R" description="Resistor"/>
      <sheetpath names="/" tstamps="/"/>
      <tstamp>5A540AB1</tstamp>
    </comp>
    <comp ref="D3">
      <value>1N4751A</value>
      <footprint>Diodes_THT:D_DO-41_SOD81_P2.54mm_Vertical_KathodeUp</footprint>
      <libsource lib="diode" part="ZPYxx" description="1300mW Zener Diode, DO-41"/>
      <sheetpath names="/" tstamps="/"/>
      <tstamp>5A5426DF</tstamp>
    </comp>
    <comp ref="R11">
      <value>10K</value>
      <footprint>Resistors_THT:R_Axial_DIN0207_L6.3mm_D2.5mm_P2.54mm_Vertical</footprint>
      <libsource lib="device" part="R" description="Resistor"/>
      <sheetpath names="/" tstamps="/"/>
      <tstamp>5A864E6A</tstamp>
    </comp>
    <comp ref="R12">
      <value>10K</value>
      <footprint>Resistors_THT:R_Axial_DIN0207_L6.3mm_D2.5mm_P2.54mm_Vertical</footprint>
      <libsource lib="device" part="R" description="Resistor"/>
      <sheetpath names="/" tstamps="/"/>
      <tstamp>5A86502A</tstamp>
    </comp>
    <comp ref="R13">
      <value>4K7</value>
      <footprint>Resistors_THT:R_Axial_DIN0207_L6.3mm_D2.5mm_P2.54mm_Vertical</footprint>
      <libsource lib="device" part="R" description="Resistor"/>
      <sheetpath names="/" tstamps="/"/>
      <tstamp>5A90199C</tstamp>
    </comp>
    <comp ref="Q3">
      <value>BD139</value>
      <footprint>TO_SOT_Packages_THT:TO-126_Vertical</footprint>
      <libsource lib="transistors" part="BD139" description="Vce 80V, Ic 1.5A, Low Voltage Transistor, TO-126"/>
      <sheetpath names="/" tstamps="/"/>
      <tstamp>5A90728C</tstamp>
    </comp>
  </components>
  <libparts>
    <libpart lib="conn" part="Conn_02x06_Odd_Even">
      <description>Generic connector, double row, 02x06, odd/even pin numbering scheme (row 1 odd numbers, row 2 even numbers)</description>
      <docs>~</docs>
      <footprints>
        <fp>Connector*:*2x??x*mm*</fp>
        <fp>Connector*:*2x???Pitch*</fp>
        <fp>Pin_Header_Straight_2X*</fp>
        <fp>Pin_Header_Angled_2X*</fp>
        <fp>Socket_Strip_Straight_2X*</fp>
        <fp>Socket_Strip_Angled_2X*</fp>
      </footprints>
      <fields>
        <field name="Reference">J</field>
        <field name="Value">Conn_02x06_Odd_Even</field>
      </fields>
      <pins>
        <pin num="1" name="Pin_1" type="passive"/>
        <pin num="2" name="Pin_2" type="passive"/>
        <pin num="3" name="Pin_3" type="passive"/>
        <pin num="4" name="Pin_4" type="passive"/>
        <pin num="5" name="Pin_5" type="passive"/>
        <pin num="6" name="Pin_6" type="passive"/>
        <pin num="7" name="Pin_7" type="passive"/>
        <pin num="8" name="Pin_8" type="passive"/>
        <pin num="9" name="Pin_9" type="passive"/>
        <pin num="10" name="Pin_10" type="passive"/>
        <pin num="11" name="Pin_11" type="passive"/>
        <pin num="12" name="Pin_12" type="passive"/>
      </pins>
    </libpart>
    <libpart lib="conn" part="Conn_02x08_Odd_Even">
      <description>Generic connector, double row, 02x08, odd/even pin numbering scheme (row 1 odd numbers, row 2 even numbers)</description>
      <docs>~</docs>
      <footprints>
        <fp>Connector*:*2x??x*mm*</fp>
        <fp>Connector*:*2x???Pitch*</fp>
        <fp>Pin_Header_Straight_2X*</fp>
        <fp>Pin_Header_Angled_2X*</fp>
        <fp>Socket_Strip_Straight_2X*</fp>
        <fp>Socket_Strip_Angled_2X*</fp>
      </footprints>
      <fields>
        <field name="Reference">J</field>
        <field name="Value">Conn_02x08_Odd_Even</field>
      </fields>
      <pins>
        <pin num="1" name="Pin_1" type="passive"/>
        <pin num="2" name="Pin_2" type="passive"/>
        <pin num="3" name="Pin_3" type="passive"/>
        <pin num="4" name="Pin_4" type="passive"/>
        <pin num="5" name="Pin_5" type="passive"/>
        <pin num="6" name="Pin_6" type="passive"/>
        <pin num="7" name="Pin_7" type="passive"/>
        <pin num="8" name="Pin_8" type="passive"/>
        <pin num="9" name="Pin_9" type="passive"/>
        <pin num="10" name="Pin_10" type="passive"/>
        <pin num="11" name="Pin_11" type="passive"/>
        <pin num="12" name="Pin_12" type="passive"/>
        <pin num="13" name="Pin_13" type="passive"/>
        <pin num="14" name="Pin_14" type="passive"/>
        <pin num="15" name="Pin_15" type="passive"/>
        <pin num="16" name="Pin_16" type="passive"/>
      </pins>
    </libpart>
    <libpart lib="conn" part="Screw_Terminal_02x10">
      <description>Generic screw terminal, single row, 01x10</description>
      <docs>~</docs>
      <footprints>
        <fp>Connector*Terminal*Block*:*</fp>
        <fp>TerminalBlock*</fp>
      </footprints>
      <fields>
        <field name="Reference">J</field>
        <field name="Value">Screw_Terminal_02x10</field>
      </fields>
      <pins>
        <pin num="1" name="Pin_1" type="passive"/>
        <pin num="2" name="Pin_2" type="passive"/>
        <pin num="3" name="Pin_3" type="passive"/>
        <pin num="4" name="Pin_4" type="passive"/>
        <pin num="5" name="Pin_5" type="passive"/>
        <pin num="6" name="Pin_6" type="passive"/>
        <pin num="7" name="Pin_7" type="passive"/>
        <pin num="8" name="Pin_8" type="passive"/>
        <pin num="9" name="Pin_9" type="passive"/>
        <pin num="10" name="Pin_10" type="passive"/>
      </pins>
    </libpart>
    <libpart lib="device" part="C">
      <description>Unpolarized capacitor</description>
      <footprints>
        <fp>C_*</fp>
      </footprints>
      <fields>
        <field name="Reference">C</field>
        <field name="Value">C</field>
      </fields>
      <pins>
        <pin num="1" name="~" type="passive"/>
        <pin num="2" name="~" type="passive"/>
      </pins>
    </libpart>
    <libpart lib="device" part="CP">
      <description>Polarised capacitor</description>
      <footprints>
        <fp>CP_*</fp>
      </footprints>
      <fields>
        <field name="Reference">C</field>
        <field name="Value">CP</field>
      </fields>
      <pins>
        <pin num="1" name="~" type="passive"/>
        <pin num="2" name="~" type="passive"/>
      </pins>
    </libpart>
    <libpart lib="device" part="Fuse">
      <description>Fuse, generic</description>
      <footprints>
        <fp>*Fuse*</fp>
      </footprints>
      <fields>
        <field name="Reference">F</field>
        <field name="Value">Fuse</field>
      </fields>
      <pins>
        <pin num="1" name="~" type="passive"/>
        <pin num="2" name="~" type="passive"/>
      </pins>
    </libpart>
    <libpart lib="device" part="R">
      <description>Resistor</description>
      <footprints>
        <fp>R_*</fp>
        <fp>R_*</fp>
      </footprints>
      <fields>
        <field name="Reference">R</field>
        <field name="Value">R</field>
      </fields>
      <pins>
        <pin num="1" name="~" type="passive"/>
        <pin num="2" name="~" type="passive"/>
      </pins>
    </libpart>
    <libpart lib="device" part="Varistor">
      <description>Voltage dependent resistor</description>
      <footprints>
        <fp>RV_*</fp>
        <fp>Varistor*</fp>
      </footprints>
      <fields>
        <field name="Reference">RV</field>
        <field name="Value">Varistor</field>
      </fields>
      <pins>
        <pin num="1" name="~" type="passive"/>
        <pin num="2" name="~" type="passive"/>
      </pins>
    </libpart>
    <libpart lib="diode" part="1N4001">
      <aliases>
        <alias>1N4002</alias>
        <alias>1N4003</alias>
        <alias>1N4004</alias>
        <alias>1N4005</alias>
        <alias>1N4006</alias>
        <alias>1N4007</alias>
        <alias>BA157</alias>
        <alias>BA158</alias>
        <alias>BA159</alias>
      </aliases>
      <description>50V 1A General Purpose Rectifier Diode, DO-41</description>
      <docs>http://www.vishay.com/docs/88503/1n4001.pdf</docs>
      <footprints>
        <fp>D*DO?41*</fp>
        <fp>D*DO?204AL*</fp>
        <fp>D*SOD81*</fp>
      </footprints>
      <fields>
        <field name="Reference">D</field>
        <field name="Value">1N4001</field>
        <field name="Footprint">Diodes_THT:D_DO-41_SOD81_Horizontal_RM10</field>
      </fields>
      <pins>
        <pin num="1" name="K" type="passive"/>
        <pin num="2" name="A" type="passive"/>
      </pins>
    </libpart>
    <libpart lib="diode" part="ZPYxx">
      <description>1300mW Zener Diode, DO-41</description>
      <docs>http://www.vishay.com/docs/85790/zpy3v9.pdf</docs>
      <footprints>
        <fp>D*DO?41*</fp>
      </footprints>
      <fields>
        <field name="Reference">D</field>
        <field name="Value">ZPYxx</field>
        <field name="Footprint">Diodes_THT:D_DO-41_SOD81_Horizontal_RM10</field>
      </fields>
      <pins>
        <pin num="1" name="K" type="passive"/>
        <pin num="2" name="A" type="passive"/>
      </pins>
    </libpart>
    <libpart lib="linear" part="LM2904">
      <aliases>
        <alias>LM358</alias>
        <alias>AD8620</alias>
        <alias>LMC6062</alias>
        <alias>LMC6082</alias>
        <alias>TL062</alias>
        <alias>TL072</alias>
        <alias>TL082</alias>
        <alias>NE5532</alias>
        <alias>SA5532</alias>
        <alias>RC4558</alias>
        <alias>RC4560</alias>
        <alias>RC4580</alias>
        <alias>LMV358</alias>
        <alias>TS912</alias>
        <alias>TSV912IDT</alias>
        <alias>TSV912IST</alias>
        <alias>TLC272</alias>
        <alias>TLC277</alias>
        <alias>MCP602</alias>
        <alias>OPA2134</alias>
        <alias>OPA2340</alias>
        <alias>OPA2376xxD</alias>
        <alias>OPA2376xxDGK</alias>
        <alias>MC33078</alias>
        <alias>MC33178</alias>
        <alias>LM4562</alias>
        <alias>OP249</alias>
        <alias>OP275</alias>
        <alias>ADA4075-2</alias>
        <alias>MCP6002-xP</alias>
        <alias>MCP6002-xSN</alias>
        <alias>MCP6002-xMS</alias>
        <alias>LM7332</alias>
        <alias>OPA2333xxD</alias>
        <alias>OPA2333xxDGK</alias>
        <alias>LMC6482</alias>
        <alias>LT1492</alias>
        <alias>LTC6081xMS8</alias>
        <alias>LM6172</alias>
        <alias>MCP6L92</alias>
        <alias>NJM2043</alias>
        <alias>NJM2114</alias>
        <alias>NJM4556A</alias>
        <alias>NJM4558</alias>
        <alias>NJM4559</alias>
        <alias>NJM4560</alias>
        <alias>NJM4580</alias>
        <alias>NJM5532</alias>
        <alias>ADA4807-2ARM</alias>
        <alias>OPA2691</alias>
      </aliases>
      <description>Dual Operational Amplifiers, DIP-8/SOIC-8/TSSOP-8/VSSOP-8</description>
      <docs>http://www.ti.com/lit/ds/symlink/lm358.pdf</docs>
      <footprints>
        <fp>SOIC*3.9x4.9mm*Pitch1.27mm*</fp>
        <fp>DIP*W7.62mm*</fp>
        <fp>TO*99*</fp>
        <fp>OnSemi*Micro8*</fp>
        <fp>TSSOP*3x3mm*Pitch0.65mm*</fp>
        <fp>TSSOP*4.4x3mm*Pitch0.65mm*</fp>
        <fp>MSOP*3x3mm*Pitch0.65mm*</fp>
        <fp>SSOP*3.9x4.9mm*Pitch0.635mm*</fp>
        <fp>LFCSP*2x2mm*Pitch0.5mm*</fp>
        <fp>*SIP*</fp>
        <fp>SOIC*5.3x6.2mm*Pitch1.27mm*</fp>
      </footprints>
      <fields>
        <field name="Reference">U</field>
        <field name="Value">LM2904</field>
      </fields>
      <pins>
        <pin num="1" name="~" type="output"/>
        <pin num="2" name="-" type="input"/>
        <pin num="3" name="+" type="input"/>
        <pin num="4" name="V-" type="power_in"/>
        <pin num="5" name="+" type="input"/>
        <pin num="6" name="-" type="input"/>
        <pin num="7" name="~" type="output"/>
        <pin num="8" name="V+" type="power_in"/>
      </pins>
    </libpart>
    <libpart lib="regul" part="LM7805_TO220">
      <aliases>
        <alias>LM7806_TO220</alias>
        <alias>LM7808_TO220</alias>
        <alias>LM7809_TO220</alias>
        <alias>LM7810_TO220</alias>
        <alias>LM7812_TO220</alias>
        <alias>LM7815_TO220</alias>
        <alias>LM7818_TO220</alias>
        <alias>LM7824_TO220</alias>
        <alias>LM78M05_TO220</alias>
        <alias>SPX2920U-3.3_TO220</alias>
        <alias>SPX2920U-5.0_TO220</alias>
        <alias>LF15_TO220</alias>
        <alias>LF18_TO220</alias>
        <alias>LF25_TO220</alias>
        <alias>LF33_TO220</alias>
        <alias>LF50_TO220</alias>
        <alias>LF60_TO220</alias>
        <alias>LF80_TO220</alias>
        <alias>LF85_TO220</alias>
        <alias>LF120_TO220</alias>
        <alias>LF47_TO220</alias>
        <alias>LF90_TO220</alias>
        <alias>LM341T-05_TO220</alias>
        <alias>LM341T-12_TO220</alias>
        <alias>LM341T-15_TO220</alias>
      </aliases>
      <description>Positive 1A 35V Linear Regulator, Fixed Output 5V, TO-220</description>
      <docs>http://www.fairchildsemi.com/ds/LM/LM7805.pdf</docs>
      <footprints>
        <fp>TO?220*</fp>
      </footprints>
      <fields>
        <field name="Reference">U</field>
        <field name="Value">LM7805_TO220</field>
        <field name="Footprint">TO_SOT_Packages_THT:TO-220_Vertical</field>
      </fields>
      <pins>
        <pin num="1" name="VI" type="power_in"/>
        <pin num="2" name="GND" type="power_in"/>
        <pin num="3" name="VO" type="power_out"/>
      </pins>
    </libpart>
    <libpart lib="relays" part="FINDER-40.52">
      <aliases>
        <alias>FINDER-41.52</alias>
        <alias>FINDER-44.52</alias>
        <alias>FINDER-44.62</alias>
        <alias>FINDER-30.22</alias>
        <alias>RSM822</alias>
        <alias>RM84</alias>
      </aliases>
      <description>FINDER 40.52, Dual Pole Relay, 5mm Pitch, 10A</description>
      <docs>http://gfinder.findernet.com/assets/Series/353/S40EN.pdf</docs>
      <footprints>
        <fp>Relay*DPDT*Finder*40.52*</fp>
      </footprints>
      <fields>
        <field name="Reference">K</field>
        <field name="Value">FINDER-40.52</field>
        <field name="Footprint">Relays_THT:Relay_DPDT_Finder_40.52</field>
      </fields>
      <pins>
        <pin num="11" name="~" type="passive"/>
        <pin num="12" name="~" type="passive"/>
        <pin num="14" name="~" type="passive"/>
        <pin num="21" name="~" type="passive"/>
        <pin num="22" name="~" type="passive"/>
        <pin num="24" name="~" type="passive"/>
        <pin num="A1" name="~" type="passive"/>
        <pin num="A2" name="~" type="passive"/>
      </pins>
    </libpart>
    <libpart lib="transistors" part="BD139">
      <aliases>
        <alias>BD135</alias>
        <alias>BD137</alias>
        <alias>BD233</alias>
        <alias>BD235</alias>
        <alias>BD237</alias>
      </aliases>
      <description>Vce 80V, Ic 1.5A, Low Voltage Transistor, TO-126</description>
      <docs>http://www.st.com/internet/com/TECHNICAL_RESOURCES/TECHNICAL_LITERATURE/DATASHEET/CD00001225.pdf</docs>
      <footprints>
        <fp>TO?126*</fp>
      </footprints>
      <fields>
        <field name="Reference">Q</field>
        <field name="Value">BD139</field>
        <field name="Footprint">TO_SOT_Packages_THT:TO-126_Vertical</field>
      </fields>
      <pins>
        <pin num="1" name="E" type="passive"/>
        <pin num="2" name="C" type="passive"/>
        <pin num="3" name="B" type="input"/>
      </pins>
    </libpart>
  </libparts>
  <libraries>
    <library logical="conn">
      <uri>/home/daniel/kicad/library/conn.lib</uri>
    </library>
    <library logical="device">
      <uri>/home/daniel/kicad/library/device.lib</uri>
    </library>
    <library logical="diode">
      <uri>/home/daniel/kicad/library/diode.lib</uri>
    </library>
    <library logical="linear">
      <uri>/home/daniel/kicad/library/linear.lib</uri>
    </library>
    <library logical="regul">
      <uri>/home/daniel/kicad/library/regul.lib</uri>
    </library>
    <library logical="relays">
      <uri>/home/daniel/kicad/library/relays.lib</uri>
    </library>
    <library logical="transistors">
      <uri>/home/daniel/kicad/library/transistors.lib</uri>
    </library>
  </libraries>
  <nets>
    <net code="1" name="Net-(R7-Pad2)">
      <node ref="R7" pin="2"/>
      <node ref="U2" pin="1"/>
    </net>
    <net code="2" name="/VAA">
      <node ref="C1" pin="1"/>
      <node ref="U1" pin="3"/>
      <node ref="U2" pin="8"/>
      <node ref="U2" pin="8"/>
    </net>
    <net code="3" name="Net-(R6-Pad2)">
      <node ref="U2" pin="6"/>
      <node ref="R8" pin="1"/>
      <node ref="R6" pin="2"/>
    </net>
    <net code="4" name="Net-(C2-Pad1)">
      <node ref="R4" pin="1"/>
      <node ref="U2" pin="5"/>
      <node ref="C2" pin="1"/>
    </net>
    <net code="5" name="Net-(Q3-Pad3)">
      <node ref="R13" pin="2"/>
      <node ref="R3" pin="1"/>
      <node ref="Q3" pin="3"/>
    </net>
    <net code="6" name="Net-(F5-Pad2)">
      <node ref="J3" pin="2"/>
      <node ref="J3" pin="12"/>
      <node ref="F5" pin="2"/>
    </net>
    <net code="7" name="/I">
      <node ref="J3" pin="9"/>
      <node ref="Q4" pin="2"/>
    </net>
    <net code="8" name="/U">
      <node ref="J3" pin="7"/>
      <node ref="R6" pin="1"/>
      <node ref="C3" pin="1"/>
      <node ref="J3" pin="3"/>
      <node ref="U2" pin="7"/>
    </net>
    <net code="9" name="Net-(Q4-Pad1)">
      <node ref="Q4" pin="1"/>
      <node ref="U2" pin="2"/>
      <node ref="R9" pin="1"/>
      <node ref="R10" pin="1"/>
    </net>
    <net code="10" name="/C">
      <node ref="J3" pin="6"/>
      <node ref="U2" pin="3"/>
      <node ref="J3" pin="8"/>
    </net>
    <net code="11" name="Net-(J3-Pad5)">
      <node ref="J3" pin="5"/>
      <node ref="R5" pin="1"/>
    </net>
    <net code="12" name="Net-(Q1-Pad3)">
      <node ref="R1" pin="2"/>
      <node ref="Q1" pin="3"/>
      <node ref="R11" pin="1"/>
    </net>
    <net code="13" name="/OUT1">
      <node ref="J1" pin="16"/>
      <node ref="J1" pin="15"/>
      <node ref="R1" pin="1"/>
    </net>
    <net code="14" name="Net-(F2-Pad2)">
      <node ref="RV1" pin="2"/>
      <node ref="K1" pin="11"/>
      <node ref="K1" pin="21"/>
      <node ref="F2" pin="2"/>
    </net>
    <net code="15" name="Net-(D1-Pad2)">
      <node ref="D1" pin="2"/>
      <node ref="Q1" pin="2"/>
      <node ref="K1" pin="A2"/>
    </net>
    <net code="16" name="/PWM">
      <node ref="J1" pin="1"/>
      <node ref="R4" pin="2"/>
      <node ref="J1" pin="2"/>
    </net>
    <net code="17" name="/Q3">
      <node ref="F4" pin="1"/>
      <node ref="J2" pin="3"/>
    </net>
    <net code="18" name="Net-(Q2-Pad3)">
      <node ref="R12" pin="1"/>
      <node ref="Q2" pin="3"/>
      <node ref="R2" pin="2"/>
    </net>
    <net code="19" name="/OUT2">
      <node ref="R2" pin="1"/>
      <node ref="J1" pin="10"/>
      <node ref="J1" pin="9"/>
    </net>
    <net code="20" name="Net-(F3-Pad2)">
      <node ref="K2" pin="11"/>
      <node ref="F3" pin="2"/>
      <node ref="RV2" pin="2"/>
      <node ref="K2" pin="21"/>
    </net>
    <net code="21" name="/C2">
      <node ref="J2" pin="6"/>
      <node ref="F3" pin="1"/>
    </net>
    <net code="22" name="/Q2">
      <node ref="RV2" pin="1"/>
      <node ref="K2" pin="24"/>
      <node ref="J2" pin="5"/>
      <node ref="K2" pin="14"/>
    </net>
    <net code="23" name="/V+">
      <node ref="J1" pin="5"/>
      <node ref="J1" pin="6"/>
      <node ref="D2" pin="1"/>
      <node ref="D1" pin="1"/>
      <node ref="U1" pin="1"/>
      <node ref="J1" pin="13"/>
      <node ref="J1" pin="14"/>
      <node ref="J1" pin="12"/>
      <node ref="C4" pin="1"/>
      <node ref="J1" pin="11"/>
      <node ref="J3" pin="11"/>
      <node ref="K1" pin="A1"/>
      <node ref="K2" pin="A1"/>
      <node ref="F1" pin="2"/>
    </net>
    <net code="24" name="Net-(D2-Pad2)">
      <node ref="Q2" pin="2"/>
      <node ref="D2" pin="2"/>
      <node ref="K2" pin="A2"/>
    </net>
    <net code="25" name="/GND">
      <node ref="J2" pin="10"/>
      <node ref="R9" pin="2"/>
      <node ref="J2" pin="4"/>
      <node ref="R5" pin="2"/>
      <node ref="C3" pin="2"/>
      <node ref="J3" pin="1"/>
      <node ref="C1" pin="2"/>
      <node ref="D3" pin="2"/>
      <node ref="R3" pin="2"/>
      <node ref="C4" pin="2"/>
      <node ref="Q2" pin="1"/>
      <node ref="R11" pin="2"/>
      <node ref="R12" pin="2"/>
      <node ref="Q1" pin="1"/>
      <node ref="Q3" pin="1"/>
      <node ref="U2" pin="4"/>
      <node ref="C2" pin="2"/>
      <node ref="R8" pin="2"/>
      <node ref="U1" pin="2"/>
      <node ref="R10" pin="2"/>
      <node ref="U2" pin="4"/>
      <node ref="J1" pin="4"/>
      <node ref="J1" pin="3"/>
    </net>
    <net code="26" name="Net-(D3-Pad1)">
      <node ref="D3" pin="1"/>
      <node ref="Q3" pin="2"/>
      <node ref="F4" pin="2"/>
    </net>
    <net code="27" name="/REF">
      <node ref="J2" pin="2"/>
      <node ref="F5" pin="1"/>
    </net>
    <net code="28" name="/OUT3">
      <node ref="J1" pin="8"/>
      <node ref="J1" pin="7"/>
      <node ref="R13" pin="1"/>
    </net>
    <net code="29" name="Net-(K2-Pad12)">
      <node ref="K2" pin="12"/>
    </net>
    <net code="30" name="Net-(K2-Pad22)">
      <node ref="K2" pin="22"/>
    </net>
    <net code="31" name="Net-(K1-Pad22)">
      <node ref="K1" pin="22"/>
    </net>
    <net code="32" name="/C1">
      <node ref="J2" pin="8"/>
      <node ref="F2" pin="1"/>
    </net>
    <net code="33" name="Net-(K1-Pad12)">
      <node ref="K1" pin="12"/>
    </net>
    <net code="34" name="Net-(F1-Pad1)">
      <node ref="J2" pin="9"/>
      <node ref="F1" pin="1"/>
    </net>
    <net code="35" name="/Q1">
      <node ref="RV1" pin="1"/>
      <node ref="J2" pin="7"/>
      <node ref="K1" pin="14"/>
      <node ref="K1" pin="24"/>
    </net>
    <net code="36" name="/ANALOG">
      <node ref="J3" pin="10"/>
      <node ref="J3" pin="4"/>
      <node ref="J2" pin="1"/>
    </net>
    <net code="37" name="Net-(Q4-Pad3)">
      <node ref="R7" pin="1"/>
      <node ref="Q4" pin="3"/>
    </net>
  </nets>
</export>
