<?xml version="1.0" encoding="UTF-8"?>
<export version="D">
  <design>
    <source>/home/daniel/OSIMPLC/Hardware/OSIMPLC_Lengues_V2.0/e4ai/e4ai.sch</source>
    <date>dom 04 nov 2018 11:56:11 -03</date>
    <tool>Eeschema 5.0.1</tool>
    <sheet number="1" name="/" tstamps="/">
      <title_block>
        <title>OSIMPLC_LENGUE_4AI</title>
        <company>by Daniel H. Mirkin</company>
        <rev>1.0</rev>
        <date>2017-10-04</date>
        <source>e4ai.sch</source>
        <comment number="1" value="Programmable Logic Controller (PIC based)"/>
        <comment number="2" value="Open Simple Industrial Modular"/>
        <comment number="3" value="4 Analog Inputs Expansion Board"/>
        <comment number="4" value=""/>
      </title_block>
    </sheet>
  </design>
  <components>
    <comp ref="R5">
      <value>100E_1%</value>
      <footprint>Resistors_THT:R_Axial_DIN0207_L6.3mm_D2.5mm_P2.54mm_Vertical</footprint>
      <libsource lib="device" part="R" description="Resistor"/>
      <sheetpath names="/" tstamps="/"/>
      <tstamp>59CDBE83</tstamp>
    </comp>
    <comp ref="R3">
      <value>47K_1%</value>
      <footprint>Resistors_THT:R_Axial_DIN0207_L6.3mm_D2.5mm_P2.54mm_Vertical</footprint>
      <libsource lib="device" part="R" description="Resistor"/>
      <sheetpath names="/" tstamps="/"/>
      <tstamp>59CDBE84</tstamp>
    </comp>
    <comp ref="C2">
      <value>0.1uF_50V</value>
      <footprint>Capacitors_THT:C_Disc_D6.0mm_W2.5mm_P5.00mm</footprint>
      <libsource lib="device" part="C" description="Unpolarized capacitor"/>
      <sheetpath names="/" tstamps="/"/>
      <tstamp>59CDBE85</tstamp>
    </comp>
    <comp ref="R1">
      <value>150E_1%</value>
      <footprint>Resistors_THT:R_Axial_DIN0207_L6.3mm_D2.5mm_P2.54mm_Vertical</footprint>
      <libsource lib="device" part="R" description="Resistor"/>
      <sheetpath names="/" tstamps="/"/>
      <tstamp>59CDBE86</tstamp>
    </comp>
    <comp ref="R2">
      <value>100E_1%</value>
      <footprint>Resistors_THT:R_Axial_DIN0207_L6.3mm_D2.5mm_P2.54mm_Vertical</footprint>
      <libsource lib="device" part="R" description="Resistor"/>
      <sheetpath names="/" tstamps="/"/>
      <tstamp>59CDBE87</tstamp>
    </comp>
    <comp ref="R4">
      <value>47K_1%</value>
      <footprint>Resistors_THT:R_Axial_DIN0207_L6.3mm_D2.5mm_P2.54mm_Vertical</footprint>
      <libsource lib="device" part="R" description="Resistor"/>
      <sheetpath names="/" tstamps="/"/>
      <tstamp>59CDBE89</tstamp>
    </comp>
    <comp ref="C1">
      <value>0.1uF_50V</value>
      <footprint>Capacitors_THT:C_Disc_D6.0mm_W2.5mm_P5.00mm</footprint>
      <libsource lib="device" part="C" description="Unpolarized capacitor"/>
      <sheetpath names="/" tstamps="/"/>
      <tstamp>59D126FA</tstamp>
    </comp>
    <comp ref="U1">
      <value>LM324</value>
      <footprint>Housings_DIP:DIP-14_W7.62mm_LongPads</footprint>
      <libsource lib="linear" part="LM324" description="Low-Power, Quad-Operational Amplifiers, DIP-14/SOIC-14/SSOP-14"/>
      <sheetpath names="/" tstamps="/"/>
      <tstamp>59DE32D4</tstamp>
    </comp>
    <comp ref="J3">
      <value>Pin_Straight_02x03</value>
      <footprint>Pin_Headers:Pin_Header_Straight_2x03_Pitch2.54mm</footprint>
      <libsource lib="conn" part="Conn_02x03_Odd_Even" description="Generic connector, double row, 02x03, odd/even pin numbering scheme (row 1 odd numbers, row 2 even numbers)"/>
      <sheetpath names="/" tstamps="/"/>
      <tstamp>59CDBE8C</tstamp>
    </comp>
    <comp ref="R10">
      <value>100E_1%</value>
      <footprint>Resistors_THT:R_Axial_DIN0207_L6.3mm_D2.5mm_P2.54mm_Vertical</footprint>
      <libsource lib="device" part="R" description="Resistor"/>
      <sheetpath names="/" tstamps="/"/>
      <tstamp>59DE8EDF</tstamp>
    </comp>
    <comp ref="R8">
      <value>47K_1%</value>
      <footprint>Resistors_THT:R_Axial_DIN0207_L6.3mm_D2.5mm_P2.54mm_Vertical</footprint>
      <libsource lib="device" part="R" description="Resistor"/>
      <sheetpath names="/" tstamps="/"/>
      <tstamp>59DE8EE5</tstamp>
    </comp>
    <comp ref="C3">
      <value>0.1uF_50V</value>
      <footprint>Capacitors_THT:C_Disc_D6.0mm_W2.5mm_P5.00mm</footprint>
      <libsource lib="device" part="C" description="Unpolarized capacitor"/>
      <sheetpath names="/" tstamps="/"/>
      <tstamp>59DE8EEB</tstamp>
    </comp>
    <comp ref="R6">
      <value>150E_1%</value>
      <footprint>Resistors_THT:R_Axial_DIN0207_L6.3mm_D2.5mm_P2.54mm_Vertical</footprint>
      <libsource lib="device" part="R" description="Resistor"/>
      <sheetpath names="/" tstamps="/"/>
      <tstamp>59DE8EF1</tstamp>
    </comp>
    <comp ref="R7">
      <value>100E_1%</value>
      <footprint>Resistors_THT:R_Axial_DIN0207_L6.3mm_D2.5mm_P2.54mm_Vertical</footprint>
      <libsource lib="device" part="R" description="Resistor"/>
      <sheetpath names="/" tstamps="/"/>
      <tstamp>59DE8EF7</tstamp>
    </comp>
    <comp ref="R9">
      <value>47K_1%</value>
      <footprint>Resistors_THT:R_Axial_DIN0207_L6.3mm_D2.5mm_P2.54mm_Vertical</footprint>
      <libsource lib="device" part="R" description="Resistor"/>
      <sheetpath names="/" tstamps="/"/>
      <tstamp>59DE8EFD</tstamp>
    </comp>
    <comp ref="J4">
      <value>Pin_Straight_02x03</value>
      <footprint>Pin_Headers:Pin_Header_Straight_2x03_Pitch2.54mm</footprint>
      <libsource lib="conn" part="Conn_02x03_Odd_Even" description="Generic connector, double row, 02x03, odd/even pin numbering scheme (row 1 odd numbers, row 2 even numbers)"/>
      <sheetpath names="/" tstamps="/"/>
      <tstamp>59DE8F39</tstamp>
    </comp>
    <comp ref="R15">
      <value>100E_1%</value>
      <footprint>Resistors_THT:R_Axial_DIN0207_L6.3mm_D2.5mm_P2.54mm_Vertical</footprint>
      <libsource lib="device" part="R" description="Resistor"/>
      <sheetpath names="/" tstamps="/"/>
      <tstamp>59DE940C</tstamp>
    </comp>
    <comp ref="R13">
      <value>47K_1%</value>
      <footprint>Resistors_THT:R_Axial_DIN0207_L6.3mm_D2.5mm_P2.54mm_Vertical</footprint>
      <libsource lib="device" part="R" description="Resistor"/>
      <sheetpath names="/" tstamps="/"/>
      <tstamp>59DE9412</tstamp>
    </comp>
    <comp ref="C4">
      <value>0.1uF_50V</value>
      <footprint>Capacitors_THT:C_Disc_D6.0mm_W2.5mm_P5.00mm</footprint>
      <libsource lib="device" part="C" description="Unpolarized capacitor"/>
      <sheetpath names="/" tstamps="/"/>
      <tstamp>59DE9418</tstamp>
    </comp>
    <comp ref="R11">
      <value>150E_1%</value>
      <footprint>Resistors_THT:R_Axial_DIN0207_L6.3mm_D2.5mm_P2.54mm_Vertical</footprint>
      <libsource lib="device" part="R" description="Resistor"/>
      <sheetpath names="/" tstamps="/"/>
      <tstamp>59DE941E</tstamp>
    </comp>
    <comp ref="R12">
      <value>100E_1%</value>
      <footprint>Resistors_THT:R_Axial_DIN0207_L6.3mm_D2.5mm_P2.54mm_Vertical</footprint>
      <libsource lib="device" part="R" description="Resistor"/>
      <sheetpath names="/" tstamps="/"/>
      <tstamp>59DE9424</tstamp>
    </comp>
    <comp ref="R14">
      <value>47K_1%</value>
      <footprint>Resistors_THT:R_Axial_DIN0207_L6.3mm_D2.5mm_P2.54mm_Vertical</footprint>
      <libsource lib="device" part="R" description="Resistor"/>
      <sheetpath names="/" tstamps="/"/>
      <tstamp>59DE942A</tstamp>
    </comp>
    <comp ref="J5">
      <value>Pin_Straight_02x03</value>
      <footprint>Pin_Headers:Pin_Header_Straight_2x03_Pitch2.54mm</footprint>
      <libsource lib="conn" part="Conn_02x03_Odd_Even" description="Generic connector, double row, 02x03, odd/even pin numbering scheme (row 1 odd numbers, row 2 even numbers)"/>
      <sheetpath names="/" tstamps="/"/>
      <tstamp>59DE9466</tstamp>
    </comp>
    <comp ref="R20">
      <value>100E_1%</value>
      <footprint>Resistors_THT:R_Axial_DIN0207_L6.3mm_D2.5mm_P2.54mm_Vertical</footprint>
      <libsource lib="device" part="R" description="Resistor"/>
      <sheetpath names="/" tstamps="/"/>
      <tstamp>59DE9A59</tstamp>
    </comp>
    <comp ref="R18">
      <value>47K_1%</value>
      <footprint>Resistors_THT:R_Axial_DIN0207_L6.3mm_D2.5mm_P2.54mm_Vertical</footprint>
      <libsource lib="device" part="R" description="Resistor"/>
      <sheetpath names="/" tstamps="/"/>
      <tstamp>59DE9A5F</tstamp>
    </comp>
    <comp ref="C5">
      <value>0.1uF_50V</value>
      <footprint>Capacitors_THT:C_Disc_D6.0mm_W2.5mm_P5.00mm</footprint>
      <libsource lib="device" part="C" description="Unpolarized capacitor"/>
      <sheetpath names="/" tstamps="/"/>
      <tstamp>59DE9A65</tstamp>
    </comp>
    <comp ref="R16">
      <value>150E_1%</value>
      <footprint>Resistors_THT:R_Axial_DIN0207_L6.3mm_D2.5mm_P2.54mm_Vertical</footprint>
      <libsource lib="device" part="R" description="Resistor"/>
      <sheetpath names="/" tstamps="/"/>
      <tstamp>59DE9A6B</tstamp>
    </comp>
    <comp ref="R17">
      <value>100E_1%</value>
      <footprint>Resistors_THT:R_Axial_DIN0207_L6.3mm_D2.5mm_P2.54mm_Vertical</footprint>
      <libsource lib="device" part="R" description="Resistor"/>
      <sheetpath names="/" tstamps="/"/>
      <tstamp>59DE9A71</tstamp>
    </comp>
    <comp ref="R19">
      <value>47K_1%</value>
      <footprint>Resistors_THT:R_Axial_DIN0207_L6.3mm_D2.5mm_P2.54mm_Vertical</footprint>
      <libsource lib="device" part="R" description="Resistor"/>
      <sheetpath names="/" tstamps="/"/>
      <tstamp>59DE9A77</tstamp>
    </comp>
    <comp ref="J6">
      <value>Pin_Straight_02x03</value>
      <footprint>Pin_Headers:Pin_Header_Straight_2x03_Pitch2.54mm</footprint>
      <libsource lib="conn" part="Conn_02x03_Odd_Even" description="Generic connector, double row, 02x03, odd/even pin numbering scheme (row 1 odd numbers, row 2 even numbers)"/>
      <sheetpath names="/" tstamps="/"/>
      <tstamp>59DE9AB3</tstamp>
    </comp>
    <comp ref="J1">
      <value>Screw_Terminal_01x08</value>
      <footprint>TerminalBlock_Phoenix:TerminalBlock_Phoenix_MKDS1.5-8pol</footprint>
      <libsource lib="conn" part="Screw_Terminal_01x08" description="Generic screw terminal, single row, 01x08"/>
      <sheetpath names="/" tstamps="/"/>
      <tstamp>5A5E185F</tstamp>
    </comp>
    <comp ref="J2">
      <value>Pin_Straight_02x08</value>
      <footprint>Pin_Headers:Pin_Header_Straight_2x08_Pitch2.54mm</footprint>
      <libsource lib="conn" part="Conn_02x08_Odd_Even" description="Generic connector, double row, 02x08, odd/even pin numbering scheme (row 1 odd numbers, row 2 even numbers)"/>
      <sheetpath names="/" tstamps="/"/>
      <tstamp>5A5E2708</tstamp>
    </comp>
  </components>
  <libparts>
    <libpart lib="conn" part="Conn_02x03_Odd_Even">
      <description>Generic connector, double row, 02x03, odd/even pin numbering scheme (row 1 odd numbers, row 2 even numbers)</description>
      <docs>~</docs>
      <footprints>
        <fp>Connector*:*2x??x*mm*</fp>
        <fp>Connector*:*2x???Pitch*</fp>
        <fp>Pin_Header_Straight_2X*</fp>
        <fp>Pin_Header_Angled_2X*</fp>
        <fp>Socket_Strip_Straight_2X*</fp>
        <fp>Socket_Strip_Angled_2X*</fp>
      </footprints>
      <fields>
        <field name="Reference">J</field>
        <field name="Value">Conn_02x03_Odd_Even</field>
      </fields>
      <pins>
        <pin num="1" name="Pin_1" type="passive"/>
        <pin num="2" name="Pin_2" type="passive"/>
        <pin num="3" name="Pin_3" type="passive"/>
        <pin num="4" name="Pin_4" type="passive"/>
        <pin num="5" name="Pin_5" type="passive"/>
        <pin num="6" name="Pin_6" type="passive"/>
      </pins>
    </libpart>
    <libpart lib="conn" part="Conn_02x08_Odd_Even">
      <description>Generic connector, double row, 02x08, odd/even pin numbering scheme (row 1 odd numbers, row 2 even numbers)</description>
      <docs>~</docs>
      <footprints>
        <fp>Connector*:*2x??x*mm*</fp>
        <fp>Connector*:*2x???Pitch*</fp>
        <fp>Pin_Header_Straight_2X*</fp>
        <fp>Pin_Header_Angled_2X*</fp>
        <fp>Socket_Strip_Straight_2X*</fp>
        <fp>Socket_Strip_Angled_2X*</fp>
      </footprints>
      <fields>
        <field name="Reference">J</field>
        <field name="Value">Conn_02x08_Odd_Even</field>
      </fields>
      <pins>
        <pin num="1" name="Pin_1" type="passive"/>
        <pin num="2" name="Pin_2" type="passive"/>
        <pin num="3" name="Pin_3" type="passive"/>
        <pin num="4" name="Pin_4" type="passive"/>
        <pin num="5" name="Pin_5" type="passive"/>
        <pin num="6" name="Pin_6" type="passive"/>
        <pin num="7" name="Pin_7" type="passive"/>
        <pin num="8" name="Pin_8" type="passive"/>
        <pin num="9" name="Pin_9" type="passive"/>
        <pin num="10" name="Pin_10" type="passive"/>
        <pin num="11" name="Pin_11" type="passive"/>
        <pin num="12" name="Pin_12" type="passive"/>
        <pin num="13" name="Pin_13" type="passive"/>
        <pin num="14" name="Pin_14" type="passive"/>
        <pin num="15" name="Pin_15" type="passive"/>
        <pin num="16" name="Pin_16" type="passive"/>
      </pins>
    </libpart>
    <libpart lib="conn" part="Screw_Terminal_01x08">
      <description>Generic screw terminal, single row, 01x08</description>
      <docs>~</docs>
      <footprints>
        <fp>Connector*Terminal*Block*:*</fp>
        <fp>TerminalBlock*</fp>
      </footprints>
      <fields>
        <field name="Reference">J</field>
        <field name="Value">Screw_Terminal_01x08</field>
      </fields>
      <pins>
        <pin num="1" name="Pin_1" type="passive"/>
        <pin num="2" name="Pin_2" type="passive"/>
        <pin num="3" name="Pin_3" type="passive"/>
        <pin num="4" name="Pin_4" type="passive"/>
        <pin num="5" name="Pin_5" type="passive"/>
        <pin num="6" name="Pin_6" type="passive"/>
        <pin num="7" name="Pin_7" type="passive"/>
        <pin num="8" name="Pin_8" type="passive"/>
      </pins>
    </libpart>
    <libpart lib="device" part="C">
      <description>Unpolarized capacitor</description>
      <footprints>
        <fp>C_*</fp>
      </footprints>
      <fields>
        <field name="Reference">C</field>
        <field name="Value">C</field>
      </fields>
      <pins>
        <pin num="1" name="~" type="passive"/>
        <pin num="2" name="~" type="passive"/>
      </pins>
    </libpart>
    <libpart lib="device" part="R">
      <description>Resistor</description>
      <footprints>
        <fp>R_*</fp>
        <fp>R_*</fp>
      </footprints>
      <fields>
        <field name="Reference">R</field>
        <field name="Value">R</field>
      </fields>
      <pins>
        <pin num="1" name="~" type="passive"/>
        <pin num="2" name="~" type="passive"/>
      </pins>
    </libpart>
    <libpart lib="linear" part="LM2902">
      <aliases>
        <alias>LM324</alias>
        <alias>TLC274</alias>
        <alias>TLC279</alias>
        <alias>TL074</alias>
        <alias>LM324A</alias>
        <alias>MCP6004</alias>
        <alias>TL084</alias>
        <alias>TL064</alias>
        <alias>LMV324</alias>
        <alias>LMC6484</alias>
        <alias>MCP604</alias>
        <alias>MC33079</alias>
        <alias>MC33179</alias>
        <alias>OPA4134</alias>
        <alias>OPA4340UA</alias>
        <alias>OPA4376</alias>
        <alias>MCP6L94</alias>
        <alias>TSV914</alias>
        <alias>ADA4807-4</alias>
      </aliases>
      <description>Low-Power, Quad-Operational Amplifiers, DIP-14/SOIC-14/SSOP-14</description>
      <docs>http://www.ti.com/lit/ds/symlink/lm2902-n.pdf</docs>
      <footprints>
        <fp>SOIC*3.9x8.7mm*Pitch1.27mm*</fp>
        <fp>DIP*W7.62mm*</fp>
        <fp>TSSOP*4.4x5mm*Pitch0.65mm*</fp>
        <fp>SSOP*5.3x6.2mm*Pitch0.65mm*</fp>
        <fp>MSOP*3x3mm*Pitch0.5mm*</fp>
      </footprints>
      <fields>
        <field name="Reference">U</field>
        <field name="Value">LM2902</field>
      </fields>
      <pins>
        <pin num="1" name="~" type="output"/>
        <pin num="2" name="-" type="input"/>
        <pin num="3" name="+" type="input"/>
        <pin num="4" name="V+" type="power_in"/>
        <pin num="5" name="+" type="input"/>
        <pin num="6" name="-" type="input"/>
        <pin num="7" name="~" type="output"/>
        <pin num="8" name="~" type="output"/>
        <pin num="9" name="-" type="input"/>
        <pin num="10" name="+" type="input"/>
        <pin num="11" name="V-" type="power_in"/>
        <pin num="12" name="+" type="input"/>
        <pin num="13" name="-" type="input"/>
        <pin num="14" name="~" type="output"/>
      </pins>
    </libpart>
  </libparts>
  <libraries>
    <library logical="conn">
      <uri>/home/daniel/kicad/library/conn.lib</uri>
    </library>
    <library logical="device">
      <uri>/home/daniel/kicad/library/device.lib</uri>
    </library>
    <library logical="linear">
      <uri>/home/daniel/kicad/library/linear.lib</uri>
    </library>
  </libraries>
  <nets>
    <net code="1" name="Net-(J6-Pad5)">
      <node ref="R19" pin="1"/>
      <node ref="R18" pin="2"/>
      <node ref="J6" pin="5"/>
      <node ref="U1" pin="12"/>
    </net>
    <net code="2" name="Net-(J6-Pad1)">
      <node ref="J6" pin="1"/>
      <node ref="R17" pin="1"/>
    </net>
    <net code="3" name="Net-(J6-Pad3)">
      <node ref="R19" pin="2"/>
      <node ref="J6" pin="3"/>
    </net>
    <net code="4" name="Net-(R16-Pad1)">
      <node ref="R17" pin="2"/>
      <node ref="R16" pin="1"/>
    </net>
    <net code="5" name="/AN4">
      <node ref="J2" pin="6"/>
      <node ref="J2" pin="5"/>
      <node ref="R20" pin="1"/>
    </net>
    <net code="6" name="/AN5">
      <node ref="J2" pin="7"/>
      <node ref="J2" pin="8"/>
      <node ref="R15" pin="1"/>
    </net>
    <net code="7" name="/AN6">
      <node ref="R10" pin="1"/>
      <node ref="J2" pin="9"/>
      <node ref="J2" pin="10"/>
    </net>
    <net code="8" name="/AN7">
      <node ref="J2" pin="11"/>
      <node ref="J2" pin="12"/>
      <node ref="R5" pin="1"/>
    </net>
    <net code="9" name="/VAA">
      <node ref="U1" pin="4"/>
      <node ref="U1" pin="4"/>
      <node ref="C1" pin="1"/>
      <node ref="J2" pin="13"/>
      <node ref="U1" pin="4"/>
      <node ref="J2" pin="14"/>
      <node ref="U1" pin="4"/>
    </net>
    <net code="10" name="Net-(R15-Pad2)">
      <node ref="U1" pin="8"/>
      <node ref="U1" pin="9"/>
      <node ref="R15" pin="2"/>
    </net>
    <net code="11" name="Net-(R11-Pad1)">
      <node ref="R11" pin="1"/>
      <node ref="R12" pin="2"/>
    </net>
    <net code="12" name="Net-(J5-Pad5)">
      <node ref="R14" pin="1"/>
      <node ref="J5" pin="5"/>
      <node ref="U1" pin="10"/>
      <node ref="R13" pin="2"/>
    </net>
    <net code="13" name="Net-(R20-Pad2)">
      <node ref="U1" pin="14"/>
      <node ref="R20" pin="2"/>
      <node ref="U1" pin="13"/>
    </net>
    <net code="14" name="/A4">
      <node ref="R13" pin="1"/>
      <node ref="C4" pin="1"/>
      <node ref="J5" pin="6"/>
      <node ref="R11" pin="2"/>
      <node ref="J1" pin="6"/>
    </net>
    <net code="15" name="Net-(J5-Pad1)">
      <node ref="J5" pin="1"/>
      <node ref="R12" pin="1"/>
    </net>
    <net code="16" name="Net-(J5-Pad3)">
      <node ref="R14" pin="2"/>
      <node ref="J5" pin="3"/>
    </net>
    <net code="17" name="/VDD">
      <node ref="J2" pin="4"/>
      <node ref="J2" pin="3"/>
    </net>
    <net code="18" name="/A5">
      <node ref="R16" pin="2"/>
      <node ref="C5" pin="1"/>
      <node ref="J6" pin="6"/>
      <node ref="R18" pin="1"/>
      <node ref="J1" pin="8"/>
    </net>
    <net code="19" name="/GND">
      <node ref="J4" pin="2"/>
      <node ref="J1" pin="5"/>
      <node ref="J1" pin="7"/>
      <node ref="U1" pin="11"/>
      <node ref="J1" pin="1"/>
      <node ref="U1" pin="11"/>
      <node ref="J3" pin="2"/>
      <node ref="J3" pin="4"/>
      <node ref="J6" pin="4"/>
      <node ref="J6" pin="2"/>
      <node ref="C3" pin="2"/>
      <node ref="J1" pin="3"/>
      <node ref="U1" pin="11"/>
      <node ref="C2" pin="2"/>
      <node ref="C1" pin="2"/>
      <node ref="J2" pin="16"/>
      <node ref="J2" pin="15"/>
      <node ref="C5" pin="2"/>
      <node ref="J2" pin="1"/>
      <node ref="C4" pin="2"/>
      <node ref="J4" pin="4"/>
      <node ref="J2" pin="2"/>
      <node ref="U1" pin="11"/>
      <node ref="J5" pin="2"/>
      <node ref="J5" pin="4"/>
    </net>
    <net code="20" name="/A2">
      <node ref="J1" pin="2"/>
      <node ref="J3" pin="6"/>
      <node ref="C2" pin="1"/>
      <node ref="R3" pin="1"/>
      <node ref="R1" pin="2"/>
    </net>
    <net code="21" name="Net-(J4-Pad1)">
      <node ref="J4" pin="1"/>
      <node ref="R7" pin="1"/>
    </net>
    <net code="22" name="Net-(R10-Pad2)">
      <node ref="U1" pin="7"/>
      <node ref="U1" pin="6"/>
      <node ref="R10" pin="2"/>
    </net>
    <net code="23" name="Net-(J4-Pad3)">
      <node ref="R9" pin="2"/>
      <node ref="J4" pin="3"/>
    </net>
    <net code="24" name="Net-(R1-Pad1)">
      <node ref="R1" pin="1"/>
      <node ref="R2" pin="2"/>
    </net>
    <net code="25" name="Net-(J3-Pad5)">
      <node ref="R4" pin="1"/>
      <node ref="J3" pin="5"/>
      <node ref="U1" pin="3"/>
      <node ref="R3" pin="2"/>
    </net>
    <net code="26" name="Net-(R6-Pad1)">
      <node ref="R6" pin="1"/>
      <node ref="R7" pin="2"/>
    </net>
    <net code="27" name="/A3">
      <node ref="J1" pin="4"/>
      <node ref="J4" pin="6"/>
      <node ref="R6" pin="2"/>
      <node ref="C3" pin="1"/>
      <node ref="R8" pin="1"/>
    </net>
    <net code="28" name="Net-(J4-Pad5)">
      <node ref="U1" pin="5"/>
      <node ref="J4" pin="5"/>
      <node ref="R9" pin="1"/>
      <node ref="R8" pin="2"/>
    </net>
    <net code="29" name="Net-(J3-Pad3)">
      <node ref="J3" pin="3"/>
      <node ref="R4" pin="2"/>
    </net>
    <net code="30" name="Net-(J3-Pad1)">
      <node ref="J3" pin="1"/>
      <node ref="R2" pin="1"/>
    </net>
    <net code="31" name="Net-(R5-Pad2)">
      <node ref="R5" pin="2"/>
      <node ref="U1" pin="2"/>
      <node ref="U1" pin="1"/>
    </net>
  </nets>
</export>
