Reference, Quantity, Value, Footprint, Datasheet
C1 C2 C3 C4 C5 ,5,"0.1uF_50V","Capacitors_THT:C_Disc_D6.0mm_W2.5mm_P5.00mm",""
J1 ,1,"Screw_Terminal_01x08","TerminalBlock_Phoenix:TerminalBlock_Phoenix_MKDS1.5-8pol",""
J2 ,1,"Pin_Straight_02x08","Pin_Headers:Pin_Header_Straight_2x08_Pitch2.54mm",""
J3 J4 J5 J6 ,4,"Pin_Straight_02x03","Pin_Headers:Pin_Header_Straight_2x03_Pitch2.54mm",""
R1 R11 R16 R6 ,4,"150E_1%","Resistors_THT:R_Axial_DIN0207_L6.3mm_D2.5mm_P2.54mm_Vertical",""
R13 R14 R18 R19 R3 R4 R8 R9 ,8,"47K_1%","Resistors_THT:R_Axial_DIN0207_L6.3mm_D2.5mm_P2.54mm_Vertical",""
R10 R12 R15 R17 R2 R20 R5 R7 ,8,"100E_1%","Resistors_THT:R_Axial_DIN0207_L6.3mm_D2.5mm_P2.54mm_Vertical",""
U1 ,1,"LM324","Housings_DIP:DIP-14_W7.62mm_LongPads",""