<?xml version="1.0" encoding="UTF-8"?>
<export version="D">
  <design>
    <source>/home/daniel/OSIMPLC/Hardware/OSIMPLC_Lengues_V2.0/e4di/e4di.sch</source>
    <date>dom 04 nov 2018 11:58:44 -03</date>
    <tool>Eeschema 5.0.1</tool>
    <sheet number="1" name="/" tstamps="/">
      <title_block>
        <title>OSIMPLC_LENGUE_e4DI</title>
        <company>by Daniel H. Mirkin</company>
        <rev>2.0</rev>
        <date>2018-01-25</date>
        <source>e4di.sch</source>
        <comment number="1" value="Programmable Logic Controller (PIC16F887 based)"/>
        <comment number="2" value="Open Simple Industrial Modular"/>
        <comment number="3" value="4 Digital Inputs Expansion Board"/>
        <comment number="4" value="e4DI"/>
      </title_block>
    </sheet>
  </design>
  <components>
    <comp ref="D5">
      <value>LED_3</value>
      <footprint>LEDs:LED_D3.0mm</footprint>
      <libsource lib="device" part="LED" description="LED generic"/>
      <sheetpath names="/" tstamps="/"/>
      <tstamp>59D94CB8</tstamp>
    </comp>
    <comp ref="R5">
      <value>2K2</value>
      <footprint>Resistors_THT:R_Axial_DIN0207_L6.3mm_D2.5mm_P2.54mm_Vertical</footprint>
      <libsource lib="device" part="R" description="Resistor"/>
      <sheetpath names="/" tstamps="/"/>
      <tstamp>59D94E3D</tstamp>
    </comp>
    <comp ref="D6">
      <value>1N4148</value>
      <footprint>Diodes_THT:D_DO-35_SOD27_P2.54mm_Vertical_KathodeUp</footprint>
      <libsource lib="device" part="D" description="Diode"/>
      <sheetpath names="/" tstamps="/"/>
      <tstamp>59D94EE7</tstamp>
    </comp>
    <comp ref="R6">
      <value>10K</value>
      <footprint>Resistors_THT:R_Axial_DIN0207_L6.3mm_D2.5mm_P2.54mm_Vertical</footprint>
      <libsource lib="device" part="R" description="Resistor"/>
      <sheetpath names="/" tstamps="/"/>
      <tstamp>59D933E2</tstamp>
    </comp>
    <comp ref="J5">
      <value>Pin_Straight_02x03</value>
      <footprint>Pin_Headers:Pin_Header_Straight_2x03_Pitch2.54mm</footprint>
      <libsource lib="conn" part="Conn_02x03_Odd_Even" description="Generic connector, double row, 02x03, odd/even pin numbering scheme (row 1 odd numbers, row 2 even numbers)"/>
      <sheetpath names="/" tstamps="/"/>
      <tstamp>59D96148</tstamp>
    </comp>
    <comp ref="R8">
      <value>10K</value>
      <footprint>Resistors_THT:R_Axial_DIN0207_L6.3mm_D2.5mm_P2.54mm_Vertical</footprint>
      <libsource lib="device" part="R" description="Resistor"/>
      <sheetpath names="/" tstamps="/"/>
      <tstamp>59D9B397</tstamp>
    </comp>
    <comp ref="D7">
      <value>LED_3</value>
      <footprint>LEDs:LED_D3.0mm</footprint>
      <libsource lib="device" part="LED" description="LED generic"/>
      <sheetpath names="/" tstamps="/"/>
      <tstamp>59D9B81E</tstamp>
    </comp>
    <comp ref="R7">
      <value>2K2</value>
      <footprint>Resistors_THT:R_Axial_DIN0207_L6.3mm_D2.5mm_P2.54mm_Vertical</footprint>
      <libsource lib="device" part="R" description="Resistor"/>
      <sheetpath names="/" tstamps="/"/>
      <tstamp>59D9B824</tstamp>
    </comp>
    <comp ref="D8">
      <value>1N4148</value>
      <footprint>Diodes_THT:D_DO-35_SOD27_P2.54mm_Vertical_KathodeUp</footprint>
      <libsource lib="device" part="D" description="Diode"/>
      <sheetpath names="/" tstamps="/"/>
      <tstamp>59D9B82A</tstamp>
    </comp>
    <comp ref="J6">
      <value>Pin_Straight_02x03</value>
      <footprint>Pin_Headers:Pin_Header_Straight_2x03_Pitch2.54mm</footprint>
      <libsource lib="conn" part="Conn_02x03_Odd_Even" description="Generic connector, double row, 02x03, odd/even pin numbering scheme (row 1 odd numbers, row 2 even numbers)"/>
      <sheetpath names="/" tstamps="/"/>
      <tstamp>59D9B922</tstamp>
    </comp>
    <comp ref="D1">
      <value>LED_3</value>
      <footprint>LEDs:LED_D3.0mm</footprint>
      <libsource lib="device" part="LED" description="LED generic"/>
      <sheetpath names="/" tstamps="/"/>
      <tstamp>59DCE639</tstamp>
    </comp>
    <comp ref="R1">
      <value>2K2</value>
      <footprint>Resistors_THT:R_Axial_DIN0207_L6.3mm_D2.5mm_P2.54mm_Vertical</footprint>
      <libsource lib="device" part="R" description="Resistor"/>
      <sheetpath names="/" tstamps="/"/>
      <tstamp>59DCE63F</tstamp>
    </comp>
    <comp ref="D2">
      <value>1N4148</value>
      <footprint>Diodes_THT:D_DO-35_SOD27_P2.54mm_Vertical_KathodeUp</footprint>
      <libsource lib="device" part="D" description="Diode"/>
      <sheetpath names="/" tstamps="/"/>
      <tstamp>59DCE645</tstamp>
    </comp>
    <comp ref="R2">
      <value>10K</value>
      <footprint>Resistors_THT:R_Axial_DIN0207_L6.3mm_D2.5mm_P2.54mm_Vertical</footprint>
      <libsource lib="device" part="R" description="Resistor"/>
      <sheetpath names="/" tstamps="/"/>
      <tstamp>59DCE651</tstamp>
    </comp>
    <comp ref="J3">
      <value>Pin_Straight_02x03</value>
      <footprint>Pin_Headers:Pin_Header_Straight_2x03_Pitch2.54mm</footprint>
      <libsource lib="conn" part="Conn_02x03_Odd_Even" description="Generic connector, double row, 02x03, odd/even pin numbering scheme (row 1 odd numbers, row 2 even numbers)"/>
      <sheetpath names="/" tstamps="/"/>
      <tstamp>59DCE657</tstamp>
    </comp>
    <comp ref="R4">
      <value>10K</value>
      <footprint>Resistors_THT:R_Axial_DIN0207_L6.3mm_D2.5mm_P2.54mm_Vertical</footprint>
      <libsource lib="device" part="R" description="Resistor"/>
      <sheetpath names="/" tstamps="/"/>
      <tstamp>59DCE677</tstamp>
    </comp>
    <comp ref="D3">
      <value>LED_3</value>
      <footprint>LEDs:LED_D3.0mm</footprint>
      <libsource lib="device" part="LED" description="LED generic"/>
      <sheetpath names="/" tstamps="/"/>
      <tstamp>59DCE68B</tstamp>
    </comp>
    <comp ref="R3">
      <value>2K2</value>
      <footprint>Resistors_THT:R_Axial_DIN0207_L6.3mm_D2.5mm_P2.54mm_Vertical</footprint>
      <libsource lib="device" part="R" description="Resistor"/>
      <sheetpath names="/" tstamps="/"/>
      <tstamp>59DCE691</tstamp>
    </comp>
    <comp ref="D4">
      <value>1N4148</value>
      <footprint>Diodes_THT:D_DO-35_SOD27_P2.54mm_Vertical_KathodeUp</footprint>
      <libsource lib="device" part="D" description="Diode"/>
      <sheetpath names="/" tstamps="/"/>
      <tstamp>59DCE697</tstamp>
    </comp>
    <comp ref="J4">
      <value>Pin_Straight_02x03</value>
      <footprint>Pin_Headers:Pin_Header_Straight_2x03_Pitch2.54mm</footprint>
      <libsource lib="conn" part="Conn_02x03_Odd_Even" description="Generic connector, double row, 02x03, odd/even pin numbering scheme (row 1 odd numbers, row 2 even numbers)"/>
      <sheetpath names="/" tstamps="/"/>
      <tstamp>59DCE6A1</tstamp>
    </comp>
    <comp ref="U1">
      <value>CNY74-4</value>
      <footprint>Housings_DIP:DIP-16_W7.62mm_LongPads</footprint>
      <libsource lib="opto" part="CNY74-4" description="Quad DC Optocoupler, Vce 70V, CTR 100%, DIP-16"/>
      <sheetpath names="/" tstamps="/"/>
      <tstamp>59DD9F27</tstamp>
    </comp>
    <comp ref="J1">
      <value>Screw_Terminal_01x08</value>
      <footprint>TerminalBlock_Phoenix:TerminalBlock_Phoenix_MKDS1.5-8pol</footprint>
      <libsource lib="conn" part="Screw_Terminal_01x08" description="Generic screw terminal, single row, 01x08"/>
      <sheetpath names="/" tstamps="/"/>
      <tstamp>5A69FF64</tstamp>
    </comp>
    <comp ref="J2">
      <value>Pin_Straight_02x08</value>
      <footprint>Pin_Headers:Pin_Header_Straight_2x08_Pitch2.54mm</footprint>
      <libsource lib="conn" part="Conn_02x08_Odd_Even" description="Generic connector, double row, 02x08, odd/even pin numbering scheme (row 1 odd numbers, row 2 even numbers)"/>
      <sheetpath names="/" tstamps="/"/>
      <tstamp>5A69FF65</tstamp>
    </comp>
  </components>
  <libparts>
    <libpart lib="conn" part="Conn_02x03_Odd_Even">
      <description>Generic connector, double row, 02x03, odd/even pin numbering scheme (row 1 odd numbers, row 2 even numbers)</description>
      <docs>~</docs>
      <footprints>
        <fp>Connector*:*2x??x*mm*</fp>
        <fp>Connector*:*2x???Pitch*</fp>
        <fp>Pin_Header_Straight_2X*</fp>
        <fp>Pin_Header_Angled_2X*</fp>
        <fp>Socket_Strip_Straight_2X*</fp>
        <fp>Socket_Strip_Angled_2X*</fp>
      </footprints>
      <fields>
        <field name="Reference">J</field>
        <field name="Value">Conn_02x03_Odd_Even</field>
      </fields>
      <pins>
        <pin num="1" name="Pin_1" type="passive"/>
        <pin num="2" name="Pin_2" type="passive"/>
        <pin num="3" name="Pin_3" type="passive"/>
        <pin num="4" name="Pin_4" type="passive"/>
        <pin num="5" name="Pin_5" type="passive"/>
        <pin num="6" name="Pin_6" type="passive"/>
      </pins>
    </libpart>
    <libpart lib="conn" part="Conn_02x08_Odd_Even">
      <description>Generic connector, double row, 02x08, odd/even pin numbering scheme (row 1 odd numbers, row 2 even numbers)</description>
      <docs>~</docs>
      <footprints>
        <fp>Connector*:*2x??x*mm*</fp>
        <fp>Connector*:*2x???Pitch*</fp>
        <fp>Pin_Header_Straight_2X*</fp>
        <fp>Pin_Header_Angled_2X*</fp>
        <fp>Socket_Strip_Straight_2X*</fp>
        <fp>Socket_Strip_Angled_2X*</fp>
      </footprints>
      <fields>
        <field name="Reference">J</field>
        <field name="Value">Conn_02x08_Odd_Even</field>
      </fields>
      <pins>
        <pin num="1" name="Pin_1" type="passive"/>
        <pin num="2" name="Pin_2" type="passive"/>
        <pin num="3" name="Pin_3" type="passive"/>
        <pin num="4" name="Pin_4" type="passive"/>
        <pin num="5" name="Pin_5" type="passive"/>
        <pin num="6" name="Pin_6" type="passive"/>
        <pin num="7" name="Pin_7" type="passive"/>
        <pin num="8" name="Pin_8" type="passive"/>
        <pin num="9" name="Pin_9" type="passive"/>
        <pin num="10" name="Pin_10" type="passive"/>
        <pin num="11" name="Pin_11" type="passive"/>
        <pin num="12" name="Pin_12" type="passive"/>
        <pin num="13" name="Pin_13" type="passive"/>
        <pin num="14" name="Pin_14" type="passive"/>
        <pin num="15" name="Pin_15" type="passive"/>
        <pin num="16" name="Pin_16" type="passive"/>
      </pins>
    </libpart>
    <libpart lib="conn" part="Screw_Terminal_01x08">
      <description>Generic screw terminal, single row, 01x08</description>
      <docs>~</docs>
      <footprints>
        <fp>Connector*Terminal*Block*:*</fp>
        <fp>TerminalBlock*</fp>
      </footprints>
      <fields>
        <field name="Reference">J</field>
        <field name="Value">Screw_Terminal_01x08</field>
      </fields>
      <pins>
        <pin num="1" name="Pin_1" type="passive"/>
        <pin num="2" name="Pin_2" type="passive"/>
        <pin num="3" name="Pin_3" type="passive"/>
        <pin num="4" name="Pin_4" type="passive"/>
        <pin num="5" name="Pin_5" type="passive"/>
        <pin num="6" name="Pin_6" type="passive"/>
        <pin num="7" name="Pin_7" type="passive"/>
        <pin num="8" name="Pin_8" type="passive"/>
      </pins>
    </libpart>
    <libpart lib="device" part="D">
      <description>Diode</description>
      <footprints>
        <fp>TO-???*</fp>
        <fp>*SingleDiode</fp>
        <fp>*_Diode_*</fp>
        <fp>*SingleDiode*</fp>
        <fp>D_*</fp>
      </footprints>
      <fields>
        <field name="Reference">D</field>
        <field name="Value">D</field>
      </fields>
      <pins>
        <pin num="1" name="K" type="passive"/>
        <pin num="2" name="A" type="passive"/>
      </pins>
    </libpart>
    <libpart lib="device" part="LED">
      <description>LED generic</description>
      <footprints>
        <fp>LED*</fp>
      </footprints>
      <fields>
        <field name="Reference">D</field>
        <field name="Value">LED</field>
      </fields>
      <pins>
        <pin num="1" name="K" type="passive"/>
        <pin num="2" name="A" type="passive"/>
      </pins>
    </libpart>
    <libpart lib="device" part="R">
      <description>Resistor</description>
      <footprints>
        <fp>R_*</fp>
        <fp>R_*</fp>
      </footprints>
      <fields>
        <field name="Reference">R</field>
        <field name="Value">R</field>
      </fields>
      <pins>
        <pin num="1" name="~" type="passive"/>
        <pin num="2" name="~" type="passive"/>
      </pins>
    </libpart>
    <libpart lib="opto" part="CNY74-4">
      <description>Quad DC Optocoupler, Vce 70V, CTR 100%, DIP-16</description>
      <footprints>
        <fp>DIP*W7.62mm*</fp>
      </footprints>
      <fields>
        <field name="Reference">U</field>
        <field name="Value">CNY74-4</field>
        <field name="Footprint">Housings_DIP:DIP-16_W7.62mm</field>
      </fields>
      <pins>
        <pin num="1" name="~" type="passive"/>
        <pin num="2" name="~" type="passive"/>
        <pin num="3" name="~" type="passive"/>
        <pin num="4" name="~" type="passive"/>
        <pin num="5" name="~" type="passive"/>
        <pin num="6" name="~" type="passive"/>
        <pin num="7" name="~" type="passive"/>
        <pin num="8" name="~" type="passive"/>
        <pin num="9" name="~" type="passive"/>
        <pin num="10" name="~" type="passive"/>
        <pin num="11" name="~" type="passive"/>
        <pin num="12" name="~" type="passive"/>
        <pin num="13" name="~" type="passive"/>
        <pin num="14" name="~" type="passive"/>
        <pin num="15" name="~" type="passive"/>
        <pin num="16" name="~" type="passive"/>
      </pins>
    </libpart>
  </libparts>
  <libraries>
    <library logical="conn">
      <uri>/home/daniel/kicad/library/conn.lib</uri>
    </library>
    <library logical="device">
      <uri>/home/daniel/kicad/library/device.lib</uri>
    </library>
    <library logical="opto">
      <uri>/home/daniel/kicad/library/opto.lib</uri>
    </library>
  </libraries>
  <nets>
    <net code="1" name="/GND">
      <node ref="J2" pin="15"/>
      <node ref="J2" pin="1"/>
      <node ref="J2" pin="2"/>
      <node ref="R4" pin="1"/>
      <node ref="R8" pin="1"/>
      <node ref="R2" pin="1"/>
      <node ref="R6" pin="1"/>
      <node ref="J2" pin="16"/>
    </net>
    <net code="2" name="/RA5">
      <node ref="U1" pin="9"/>
      <node ref="J2" pin="6"/>
      <node ref="R8" pin="2"/>
      <node ref="J2" pin="5"/>
    </net>
    <net code="3" name="/RE0">
      <node ref="U1" pin="12"/>
      <node ref="J2" pin="7"/>
      <node ref="J2" pin="8"/>
      <node ref="R6" pin="2"/>
    </net>
    <net code="4" name="/RE2">
      <node ref="J2" pin="12"/>
      <node ref="R2" pin="2"/>
      <node ref="J2" pin="11"/>
      <node ref="U1" pin="16"/>
    </net>
    <net code="5" name="/VAA">
      <node ref="J2" pin="13"/>
      <node ref="J2" pin="14"/>
    </net>
    <net code="6" name="/RD">
      <node ref="J4" pin="5"/>
      <node ref="J4" pin="6"/>
      <node ref="J1" pin="3"/>
    </net>
    <net code="7" name="/RC">
      <node ref="J1" pin="1"/>
      <node ref="J3" pin="5"/>
      <node ref="J3" pin="6"/>
    </net>
    <net code="8" name="/RE1">
      <node ref="U1" pin="13"/>
      <node ref="R4" pin="2"/>
      <node ref="J2" pin="9"/>
      <node ref="J2" pin="10"/>
    </net>
    <net code="9" name="Net-(D8-Pad1)">
      <node ref="D8" pin="1"/>
      <node ref="U1" pin="8"/>
    </net>
    <net code="10" name="Net-(J6-Pad4)">
      <node ref="J6" pin="4"/>
      <node ref="U1" pin="7"/>
    </net>
    <net code="11" name="Net-(D4-Pad1)">
      <node ref="D4" pin="1"/>
      <node ref="U1" pin="4"/>
    </net>
    <net code="12" name="Net-(J4-Pad4)">
      <node ref="U1" pin="3"/>
      <node ref="J4" pin="4"/>
    </net>
    <net code="13" name="Net-(J3-Pad4)">
      <node ref="J3" pin="4"/>
      <node ref="U1" pin="2"/>
    </net>
    <net code="14" name="/XD">
      <node ref="J4" pin="2"/>
      <node ref="J1" pin="4"/>
      <node ref="J4" pin="1"/>
    </net>
    <net code="15" name="/XC">
      <node ref="J1" pin="2"/>
      <node ref="J3" pin="2"/>
      <node ref="J3" pin="1"/>
    </net>
    <net code="16" name="Net-(J5-Pad4)">
      <node ref="J5" pin="4"/>
      <node ref="U1" pin="6"/>
    </net>
    <net code="17" name="/RE">
      <node ref="J1" pin="5"/>
      <node ref="J5" pin="5"/>
      <node ref="J5" pin="6"/>
    </net>
    <net code="18" name="/XF">
      <node ref="J1" pin="8"/>
      <node ref="J6" pin="2"/>
      <node ref="J6" pin="1"/>
    </net>
    <net code="19" name="/XE">
      <node ref="J1" pin="6"/>
      <node ref="J5" pin="2"/>
      <node ref="J5" pin="1"/>
    </net>
    <net code="20" name="/RF">
      <node ref="J6" pin="5"/>
      <node ref="J6" pin="6"/>
      <node ref="J1" pin="7"/>
    </net>
    <net code="21" name="/VDD">
      <node ref="U1" pin="11"/>
      <node ref="U1" pin="14"/>
      <node ref="U1" pin="15"/>
      <node ref="J2" pin="3"/>
      <node ref="U1" pin="10"/>
      <node ref="J2" pin="4"/>
    </net>
    <net code="22" name="Net-(D7-Pad2)">
      <node ref="D7" pin="2"/>
      <node ref="J6" pin="3"/>
    </net>
    <net code="23" name="Net-(D8-Pad2)">
      <node ref="R7" pin="1"/>
      <node ref="D8" pin="2"/>
    </net>
    <net code="24" name="Net-(D7-Pad1)">
      <node ref="D7" pin="1"/>
      <node ref="R7" pin="2"/>
    </net>
    <net code="25" name="Net-(D1-Pad2)">
      <node ref="D1" pin="2"/>
      <node ref="J3" pin="3"/>
    </net>
    <net code="26" name="Net-(D1-Pad1)">
      <node ref="R1" pin="2"/>
      <node ref="D1" pin="1"/>
    </net>
    <net code="27" name="Net-(D5-Pad2)">
      <node ref="D5" pin="2"/>
      <node ref="J5" pin="3"/>
    </net>
    <net code="28" name="Net-(D6-Pad1)">
      <node ref="D6" pin="1"/>
      <node ref="U1" pin="5"/>
    </net>
    <net code="29" name="Net-(D5-Pad1)">
      <node ref="D5" pin="1"/>
      <node ref="R5" pin="2"/>
    </net>
    <net code="30" name="Net-(D6-Pad2)">
      <node ref="R5" pin="1"/>
      <node ref="D6" pin="2"/>
    </net>
    <net code="31" name="Net-(D2-Pad2)">
      <node ref="D2" pin="2"/>
      <node ref="R1" pin="1"/>
    </net>
    <net code="32" name="Net-(D3-Pad2)">
      <node ref="D3" pin="2"/>
      <node ref="J4" pin="3"/>
    </net>
    <net code="33" name="Net-(D4-Pad2)">
      <node ref="R3" pin="1"/>
      <node ref="D4" pin="2"/>
    </net>
    <net code="34" name="Net-(D3-Pad1)">
      <node ref="D3" pin="1"/>
      <node ref="R3" pin="2"/>
    </net>
    <net code="35" name="Net-(D2-Pad1)">
      <node ref="D2" pin="1"/>
      <node ref="U1" pin="1"/>
    </net>
  </nets>
</export>
