Reference, Quantity, Value, Footprint, Datasheet
D1 D3 D5 D7 ,4,"LED_3","LEDs:LED_D3.0mm",""
D2 D4 D6 D8 ,4,"1N4148","Diodes_THT:D_DO-35_SOD27_P2.54mm_Vertical_KathodeUp",""
J1 ,1,"Screw_Terminal_01x08","TerminalBlock_Phoenix:TerminalBlock_Phoenix_MKDS1.5-8pol",""
J2 ,1,"Pin_Straight_02x08","Pin_Headers:Pin_Header_Straight_2x08_Pitch2.54mm",""
J3 J4 J5 J6 ,4,"Pin_Straight_02x03","Pin_Headers:Pin_Header_Straight_2x03_Pitch2.54mm",""
R1 R3 R5 R7 ,4,"2K2","Resistors_THT:R_Axial_DIN0207_L6.3mm_D2.5mm_P2.54mm_Vertical",""
R2 R4 R6 R8 ,4,"10K","Resistors_THT:R_Axial_DIN0207_L6.3mm_D2.5mm_P2.54mm_Vertical",""
U1 ,1,"CNY74-4","Housings_DIP:DIP-16_W7.62mm_LongPads",""