Reference, Quantity, Value, Footprint, Datasheet
C12 ,1,"470uF_16V","Capacitors_THT:CP_Radial_D8.0mm_P3.50mm",""
C14 ,1,"10uF_25V","Capacitors_THT:CP_Radial_D5.0mm_P2.00mm",""
C4 C5 ,2,"15pF_ML","Capacitors_THT:C_Rect_L4.0mm_W2.5mm_P2.50mm",""
C1 C10 C11 C13 C2 C3 C6 C7 C8 ,9,"0.1uF_50V","Capacitors_THT:C_Disc_D6.0mm_W2.5mm_P5.00mm",""
C9 ,1,"220uF_35V","Capacitors_THT:CP_Radial_D8.0mm_P3.50mm",""
D25 ,1,"1N5819","Diodes_THT:D_DO-41_SOD81_P2.54mm_Vertical_KathodeUp",""
D26 D39 D59 ,3,"1N4007","Diodes_THT:D_DO-41_SOD81_P2.54mm_Vertical_KathodeUp",""
D1 D10 D11 D12 D2 D27 D28 D29 D3 D30 D31 D32 D33 D34 D35 D36 D37 D38 D4 D5 D52 D53 D6 D7 D8 D9 ,26,"LED_3","LEDs:LED_D3.0mm",""
D13 D14 D15 D16 D17 D18 D19 D20 D21 D22 D23 D24 D40 D41 D42 D43 D44 D45 D46 D47 D48 D49 D50 D51 ,24,"1N4148","Diodes_THT:D_DO-35_SOD27_P2.54mm_Vertical_KathodeUp",""
D54 ,1,"LM385_2.5","TO_SOT_Packages_THT:TO-92_Inline_Wide_Inverted",""
D55 D56 D57 D58 ,4,"1N4741","Diodes_THT:D_DO-41_SOD81_P2.54mm_Vertical_KathodeUp",""
F1 ,1,"Fuse","Fuse_Holders_and_Fuses:Fuseholder5x20_horiz_SemiClosed_Casing10x25mm",""
J1 J19 J2 J3 ,4,"Screw_Terminal_01x05","TerminalBlock_Phoenix:TerminalBlock_Phoenix_MKDS1.5-5pol",""
J10 J18 ,2,"Screw_Terminal_01x04","TerminalBlock_Phoenix:TerminalBlock_Phoenix_MKDS1.5-4pol",""
J11 ,1,"Socket_Straight_02x08","Socket_Strips:Socket_Strip_Straight_2x08_Pitch2.54mm",""
J13 J20 ,2,"Pin_Straight_02x04","Pin_Headers:Pin_Header_Straight_2x04_Pitch2.54mm",""
J14 ,1,"Pin_Straight_02x05","Pin_Headers:Pin_Header_Straight_2x05_Pitch2.54mm",""
J12 J15 J16 J17 ,4,"Socket_Angled_02x08","Socket_Strips:Socket_Strip_Angled_2x08_Pitch2.54mm",""
J4 J5 ,2,"Screw_Terminal_01x02","TerminalBlock_Phoenix:TerminalBlock_Phoenix_MKDS1.5-2pol",""
J6 J8 ,2,"Pin_Straight_01x03","Pin_Headers:Pin_Header_Straight_1x03_Pitch2.54mm",""
J7 J9 ,2,"Pin_Straight_02x03","Pin_Headers:Pin_Header_Straight_2x03_Pitch2.54mm",""
R19 R20 R21 R22 R23 R24 R26 R41 R43 R5 ,10,"47K_1%","Resistors_THT:R_Axial_DIN0207_L6.3mm_D2.5mm_P2.54mm_Vertical",""
R1 R3 R66 ,3,"150E_1%","Resistors_THT:R_Axial_DIN0207_L6.3mm_D2.5mm_P2.54mm_Vertical",""
R2 R25 R39 R4 ,4,"100E_1%","Resistors_THT:R_Axial_DIN0207_L6.3mm_D2.5mm_P2.54mm_Vertical",""
R40 ,1,"6K8_1%","Resistors_THT:R_Axial_DIN0207_L6.3mm_D2.5mm_P2.54mm_Vertical",""
R42 R44 ,2,"470K_1%","Resistors_THT:R_Axial_DIN0207_L6.3mm_D2.5mm_P2.54mm_Vertical",""
R27 R28 R29 R30 R31 R32 R33 R34 R35 R36 R37 R38 R46 ,13,"10K","Resistors_THT:R_Axial_DIN0207_L6.3mm_D2.5mm_P2.54mm_Vertical",""
R45 R47 R48 R49 R50 R51 R52 R53 R54 R55 R56 R57 R58 ,13,"100E","Resistors_THT:R_Axial_DIN0207_L6.3mm_D2.5mm_P2.54mm_Vertical",""
R6 ,1,"10K_1%","Resistors_THT:R_Axial_DIN0207_L6.3mm_D2.5mm_P2.54mm_Vertical",""
R59 R60 ,2,"4K7","Resistors_THT:R_Axial_DIN0207_L6.3mm_D2.5mm_P2.54mm_Vertical",""
R61 ,1,"220E","Resistors_THT:R_Axial_DIN0207_L6.3mm_D2.5mm_P2.54mm_Vertical",""
R10 R11 R12 R13 R14 R15 R16 R17 R18 R62 R63 R7 R8 R9 ,14,"2K2","Resistors_THT:R_Axial_DIN0207_L6.3mm_D2.5mm_P2.54mm_Vertical",""
R64 R65 ,2,"120K","Resistors_THT:R_Axial_DIN0207_L6.3mm_D2.5mm_P2.54mm_Vertical",""
R67 ,1,"390E_1%","Resistors_THT:R_Axial_DIN0207_L6.3mm_D2.5mm_P2.54mm_Vertical",""
R68 ,1,"1K","Resistors_THT:R_Axial_DIN0207_L6.3mm_D2.5mm_P2.54mm_Vertical",""
RV1 ,1,"100ELin","Potentiometers:Potentiometer_Trimmer_Bourns_3006P",""
SW1 ,1,"SW_Push","Buttons_Switches_THT:SW_PUSH_6mm_h13mm",""
U1 ,1,"LM324","Housings_DIP:DIP-14_W7.62mm_LongPads",""
U10 ,1,"LM317_3PinPackage","TO_SOT_Packages_THT:TO-220_Horizontal",""
U11 ,1,"RS485-TTL","Housings_DIP:DIP-8_W7.62mm_LongPads",""
U5 ,1,"PIC16F887-DIP","Housings_DIP:DIP-40_W15.24mm_LongPads",""
U2 U3 U4 U6 U7 U8 ,6,"CNY74-4","Housings_DIP:DIP-16_W7.62mm_LongPads",""
U9 ,1,"78L06","TO_SOT_Packages_THT:TO-92_Inline_Wide",""
Y1 ,1,"20MHz","Crystals:Crystal_HC49-4H_Vertical",""