<?xml version="1.0" encoding="UTF-8"?>
<export version="D">
  <design>
    <source>/home/daniel/OSIMPLC/Hardware/OSIMPLC_MCU_V2.0/mcu.sch</source>
    <date>dom 04 nov 2018 13:09:51 -03</date>
    <tool>Eeschema 5.0.1</tool>
    <sheet number="1" name="/" tstamps="/">
      <title_block>
        <title>OSIMPLC_MCU</title>
        <company>by Daniel H. Mirkin</company>
        <rev>2.0</rev>
        <date>2017-08-04</date>
        <source>mcu.sch</source>
        <comment number="1" value="Programmable Logic Controller (PIC based)"/>
        <comment number="2" value="Open Simple Industrial Modular"/>
        <comment number="3" value=""/>
        <comment number="4" value=""/>
      </title_block>
    </sheet>
  </design>
  <components>
    <comp ref="C8">
      <value>0.1uF_50V</value>
      <footprint>Capacitors_THT:C_Disc_D6.0mm_W2.5mm_P5.00mm</footprint>
      <libsource lib="mcu-rescue" part="C-RESCUE-osimpiclc_v1" description=""/>
      <sheetpath names="/" tstamps="/"/>
      <tstamp>56C515CB</tstamp>
    </comp>
    <comp ref="U9">
      <value>78L06</value>
      <footprint>TO_SOT_Packages_THT:TO-92_Inline_Wide</footprint>
      <libsource lib="mcu-rescue" part="MC78L06ACP" description=""/>
      <sheetpath names="/" tstamps="/"/>
      <tstamp>592D9835</tstamp>
    </comp>
    <comp ref="C10">
      <value>0.1uF_50V</value>
      <footprint>Capacitors_THT:C_Disc_D6.0mm_W2.5mm_P5.00mm</footprint>
      <libsource lib="mcu-rescue" part="C" description=""/>
      <sheetpath names="/" tstamps="/"/>
      <tstamp>592DA882</tstamp>
    </comp>
    <comp ref="R63">
      <value>2K2</value>
      <footprint>Resistors_THT:R_Axial_DIN0207_L6.3mm_D2.5mm_P2.54mm_Vertical</footprint>
      <libsource lib="mcu-rescue" part="R" description=""/>
      <sheetpath names="/" tstamps="/"/>
      <tstamp>592DAE90</tstamp>
    </comp>
    <comp ref="F1">
      <value>Fuse</value>
      <footprint>Fuse_Holders_and_Fuses:Fuseholder5x20_horiz_SemiClosed_Casing10x25mm</footprint>
      <libsource lib="mcu-rescue" part="Fuse" description=""/>
      <sheetpath names="/" tstamps="/"/>
      <tstamp>592E24D7</tstamp>
    </comp>
    <comp ref="D26">
      <value>1N4007</value>
      <footprint>Diodes_THT:D_DO-41_SOD81_P2.54mm_Vertical_KathodeUp</footprint>
      <libsource lib="mcu-rescue" part="D_ALT" description=""/>
      <sheetpath names="/" tstamps="/"/>
      <tstamp>592E2CA7</tstamp>
    </comp>
    <comp ref="U6">
      <value>CNY74-4</value>
      <footprint>Housings_DIP:DIP-16_W7.62mm_LongPads</footprint>
      <libsource lib="mcu-rescue" part="CNY74-4" description=""/>
      <sheetpath names="/" tstamps="/"/>
      <tstamp>592E468A</tstamp>
    </comp>
    <comp ref="R47">
      <value>100E</value>
      <footprint>Resistors_THT:R_Axial_DIN0207_L6.3mm_D2.5mm_P2.54mm_Vertical</footprint>
      <libsource lib="mcu-rescue" part="R" description=""/>
      <sheetpath names="/" tstamps="/"/>
      <tstamp>592E4980</tstamp>
    </comp>
    <comp ref="D27">
      <value>LED_3</value>
      <footprint>LEDs:LED_D3.0mm</footprint>
      <libsource lib="mcu-rescue" part="LED_Small_ALT" description=""/>
      <sheetpath names="/" tstamps="/"/>
      <tstamp>592E4C31</tstamp>
    </comp>
    <comp ref="R48">
      <value>100E</value>
      <footprint>Resistors_THT:R_Axial_DIN0207_L6.3mm_D2.5mm_P2.54mm_Vertical</footprint>
      <libsource lib="mcu-rescue" part="R" description=""/>
      <sheetpath names="/" tstamps="/"/>
      <tstamp>592E59BD</tstamp>
    </comp>
    <comp ref="D28">
      <value>LED_3</value>
      <footprint>LEDs:LED_D3.0mm</footprint>
      <libsource lib="mcu-rescue" part="LED_Small_ALT" description=""/>
      <sheetpath names="/" tstamps="/"/>
      <tstamp>592E59C3</tstamp>
    </comp>
    <comp ref="R49">
      <value>100E</value>
      <footprint>Resistors_THT:R_Axial_DIN0207_L6.3mm_D2.5mm_P2.54mm_Vertical</footprint>
      <libsource lib="mcu-rescue" part="R" description=""/>
      <sheetpath names="/" tstamps="/"/>
      <tstamp>592E5B34</tstamp>
    </comp>
    <comp ref="D29">
      <value>LED_3</value>
      <footprint>LEDs:LED_D3.0mm</footprint>
      <libsource lib="mcu-rescue" part="LED_Small_ALT" description=""/>
      <sheetpath names="/" tstamps="/"/>
      <tstamp>592E5B3A</tstamp>
    </comp>
    <comp ref="R50">
      <value>100E</value>
      <footprint>Resistors_THT:R_Axial_DIN0207_L6.3mm_D2.5mm_P2.54mm_Vertical</footprint>
      <libsource lib="mcu-rescue" part="R" description=""/>
      <sheetpath names="/" tstamps="/"/>
      <tstamp>592E5C34</tstamp>
    </comp>
    <comp ref="D30">
      <value>LED_3</value>
      <footprint>LEDs:LED_D3.0mm</footprint>
      <libsource lib="mcu-rescue" part="LED_Small_ALT" description=""/>
      <sheetpath names="/" tstamps="/"/>
      <tstamp>592E5C3A</tstamp>
    </comp>
    <comp ref="D40">
      <value>1N4148</value>
      <footprint>Diodes_THT:D_DO-35_SOD27_P2.54mm_Vertical_KathodeUp</footprint>
      <libsource lib="mcu-rescue" part="D_ALT" description=""/>
      <sheetpath names="/" tstamps="/"/>
      <tstamp>592E9032</tstamp>
    </comp>
    <comp ref="D41">
      <value>1N4148</value>
      <footprint>Diodes_THT:D_DO-35_SOD27_P2.54mm_Vertical_KathodeUp</footprint>
      <libsource lib="mcu-rescue" part="D_ALT" description=""/>
      <sheetpath names="/" tstamps="/"/>
      <tstamp>592E9119</tstamp>
    </comp>
    <comp ref="D42">
      <value>1N4148</value>
      <footprint>Diodes_THT:D_DO-35_SOD27_P2.54mm_Vertical_KathodeUp</footprint>
      <libsource lib="mcu-rescue" part="D_ALT" description=""/>
      <sheetpath names="/" tstamps="/"/>
      <tstamp>592E91CB</tstamp>
    </comp>
    <comp ref="D43">
      <value>1N4148</value>
      <footprint>Diodes_THT:D_DO-35_SOD27_P2.54mm_Vertical_KathodeUp</footprint>
      <libsource lib="mcu-rescue" part="D_ALT" description=""/>
      <sheetpath names="/" tstamps="/"/>
      <tstamp>592E926E</tstamp>
    </comp>
    <comp ref="U5">
      <value>PIC16F887-DIP</value>
      <footprint>Housings_DIP:DIP-40_W15.24mm_LongPads</footprint>
      <libsource lib="mcu-rescue" part="PIC16F887-DIP" description=""/>
      <sheetpath names="/" tstamps="/"/>
      <tstamp>592EB8B4</tstamp>
    </comp>
    <comp ref="R46">
      <value>10K</value>
      <footprint>Resistors_THT:R_Axial_DIN0207_L6.3mm_D2.5mm_P2.54mm_Vertical</footprint>
      <libsource lib="mcu-rescue" part="R" description=""/>
      <sheetpath names="/" tstamps="/"/>
      <tstamp>592ED405</tstamp>
    </comp>
    <comp ref="D25">
      <value>1N5819</value>
      <footprint>Diodes_THT:D_DO-41_SOD81_P2.54mm_Vertical_KathodeUp</footprint>
      <libsource lib="mcu-rescue" part="D_Schottky_Small_ALT" description=""/>
      <sheetpath names="/" tstamps="/"/>
      <tstamp>592ED6D3</tstamp>
    </comp>
    <comp ref="C6">
      <value>0.1uF_50V</value>
      <footprint>Capacitors_THT:C_Disc_D6.0mm_W2.5mm_P5.00mm</footprint>
      <libsource lib="mcu-rescue" part="C" description=""/>
      <sheetpath names="/" tstamps="/"/>
      <tstamp>592EDE7F</tstamp>
    </comp>
    <comp ref="SW1">
      <value>SW_Push</value>
      <footprint>Buttons_Switches_THT:SW_PUSH_6mm_h13mm</footprint>
      <libsource lib="switches" part="SW_Push" description="Push button switch, generic, two pins"/>
      <sheetpath names="/" tstamps="/"/>
      <tstamp>592EE4EF</tstamp>
    </comp>
    <comp ref="C7">
      <value>0.1uF_50V</value>
      <footprint>Capacitors_THT:C_Disc_D6.0mm_W2.5mm_P5.00mm</footprint>
      <libsource lib="mcu-rescue" part="C" description=""/>
      <sheetpath names="/" tstamps="/"/>
      <tstamp>592F21F2</tstamp>
    </comp>
    <comp ref="Y1">
      <value>20MHz</value>
      <footprint>Crystals:Crystal_HC49-4H_Vertical</footprint>
      <libsource lib="mcu-rescue" part="Crystal_Small" description=""/>
      <sheetpath names="/" tstamps="/"/>
      <tstamp>592F461A</tstamp>
    </comp>
    <comp ref="C4">
      <value>15pF_ML</value>
      <footprint>Capacitors_THT:C_Rect_L4.0mm_W2.5mm_P2.50mm</footprint>
      <libsource lib="mcu-rescue" part="C_Small" description=""/>
      <sheetpath names="/" tstamps="/"/>
      <tstamp>592F50CF</tstamp>
    </comp>
    <comp ref="C5">
      <value>15pF_ML</value>
      <footprint>Capacitors_THT:C_Rect_L4.0mm_W2.5mm_P2.50mm</footprint>
      <libsource lib="mcu-rescue" part="C_Small" description=""/>
      <sheetpath names="/" tstamps="/"/>
      <tstamp>592F51D6</tstamp>
    </comp>
    <comp ref="C9">
      <value>220uF_35V</value>
      <footprint>Capacitors_THT:CP_Radial_D8.0mm_P3.50mm</footprint>
      <libsource lib="mcu-rescue" part="CP_Small" description=""/>
      <sheetpath names="/" tstamps="/"/>
      <tstamp>5930A8E7</tstamp>
    </comp>
    <comp ref="D54">
      <value>LM385_2.5</value>
      <footprint>TO_SOT_Packages_THT:TO-92_Inline_Wide_Inverted</footprint>
      <libsource lib="mcu-rescue" part="LM385-2.5" description=""/>
      <sheetpath names="/" tstamps="/"/>
      <tstamp>592EEFE2</tstamp>
    </comp>
    <comp ref="U1">
      <value>LM324</value>
      <footprint>Housings_DIP:DIP-14_W7.62mm_LongPads</footprint>
      <libsource lib="mcu-rescue" part="LM324" description=""/>
      <sheetpath names="/" tstamps="/"/>
      <tstamp>5930F8C2</tstamp>
    </comp>
    <comp ref="R26">
      <value>47K_1%</value>
      <footprint>Resistors_THT:R_Axial_DIN0207_L6.3mm_D2.5mm_P2.54mm_Vertical</footprint>
      <libsource lib="mcu-rescue" part="R" description=""/>
      <sheetpath names="/" tstamps="/"/>
      <tstamp>59312593</tstamp>
    </comp>
    <comp ref="R39">
      <value>100E_1%</value>
      <footprint>Resistors_THT:R_Axial_DIN0207_L6.3mm_D2.5mm_P2.54mm_Vertical</footprint>
      <libsource lib="mcu-rescue" part="R" description=""/>
      <sheetpath names="/" tstamps="/"/>
      <tstamp>59312660</tstamp>
    </comp>
    <comp ref="J5">
      <value>Screw_Terminal_01x02</value>
      <footprint>TerminalBlock_Phoenix:TerminalBlock_Phoenix_MKDS1.5-2pol</footprint>
      <libsource lib="mcu-rescue" part="Screw_Terminal_1x02" description=""/>
      <sheetpath names="/" tstamps="/"/>
      <tstamp>5931469D</tstamp>
    </comp>
    <comp ref="R20">
      <value>47K_1%</value>
      <footprint>Resistors_THT:R_Axial_DIN0207_L6.3mm_D2.5mm_P2.54mm_Vertical</footprint>
      <libsource lib="mcu-rescue" part="R" description=""/>
      <sheetpath names="/" tstamps="/"/>
      <tstamp>59315544</tstamp>
    </comp>
    <comp ref="C2">
      <value>0.1uF_50V</value>
      <footprint>Capacitors_THT:C_Disc_D6.0mm_W2.5mm_P5.00mm</footprint>
      <libsource lib="mcu-rescue" part="C-RESCUE-osimpiclc_v1" description=""/>
      <sheetpath names="/" tstamps="/"/>
      <tstamp>59316561</tstamp>
    </comp>
    <comp ref="R3">
      <value>150E_1%</value>
      <footprint>Resistors_THT:R_Axial_DIN0207_L6.3mm_D2.5mm_P2.54mm_Vertical</footprint>
      <libsource lib="mcu-rescue" part="R" description=""/>
      <sheetpath names="/" tstamps="/"/>
      <tstamp>59317372</tstamp>
    </comp>
    <comp ref="R4">
      <value>100E_1%</value>
      <footprint>Resistors_THT:R_Axial_DIN0207_L6.3mm_D2.5mm_P2.54mm_Vertical</footprint>
      <libsource lib="mcu-rescue" part="R" description=""/>
      <sheetpath names="/" tstamps="/"/>
      <tstamp>59317441</tstamp>
    </comp>
    <comp ref="R23">
      <value>47K_1%</value>
      <footprint>Resistors_THT:R_Axial_DIN0207_L6.3mm_D2.5mm_P2.54mm_Vertical</footprint>
      <libsource lib="mcu-rescue" part="R" description=""/>
      <sheetpath names="/" tstamps="/"/>
      <tstamp>592F7956</tstamp>
    </comp>
    <comp ref="R21">
      <value>47K_1%</value>
      <footprint>Resistors_THT:R_Axial_DIN0207_L6.3mm_D2.5mm_P2.54mm_Vertical</footprint>
      <libsource lib="mcu-rescue" part="R" description=""/>
      <sheetpath names="/" tstamps="/"/>
      <tstamp>592F8535</tstamp>
    </comp>
    <comp ref="R40">
      <value>6K8_1%</value>
      <footprint>Resistors_THT:R_Axial_DIN0207_L6.3mm_D2.5mm_P2.54mm_Vertical</footprint>
      <libsource lib="mcu-rescue" part="R" description=""/>
      <sheetpath names="/" tstamps="/"/>
      <tstamp>593097AE</tstamp>
    </comp>
    <comp ref="J10">
      <value>Screw_Terminal_01x04</value>
      <footprint>TerminalBlock_Phoenix:TerminalBlock_Phoenix_MKDS1.5-4pol</footprint>
      <libsource lib="mcu-rescue" part="Screw_Terminal_1x04" description=""/>
      <sheetpath names="/" tstamps="/"/>
      <tstamp>5930CAE9</tstamp>
    </comp>
    <comp ref="R41">
      <value>47K_1%</value>
      <footprint>Resistors_THT:R_Axial_DIN0207_L6.3mm_D2.5mm_P2.54mm_Vertical</footprint>
      <libsource lib="mcu-rescue" part="R" description=""/>
      <sheetpath names="/" tstamps="/"/>
      <tstamp>59315EB1</tstamp>
    </comp>
    <comp ref="R42">
      <value>470K_1%</value>
      <footprint>Resistors_THT:R_Axial_DIN0207_L6.3mm_D2.5mm_P2.54mm_Vertical</footprint>
      <libsource lib="mcu-rescue" part="R" description=""/>
      <sheetpath names="/" tstamps="/"/>
      <tstamp>59315FE6</tstamp>
    </comp>
    <comp ref="R43">
      <value>47K_1%</value>
      <footprint>Resistors_THT:R_Axial_DIN0207_L6.3mm_D2.5mm_P2.54mm_Vertical</footprint>
      <libsource lib="mcu-rescue" part="R" description=""/>
      <sheetpath names="/" tstamps="/"/>
      <tstamp>59317D89</tstamp>
    </comp>
    <comp ref="R44">
      <value>470K_1%</value>
      <footprint>Resistors_THT:R_Axial_DIN0207_L6.3mm_D2.5mm_P2.54mm_Vertical</footprint>
      <libsource lib="mcu-rescue" part="R" description=""/>
      <sheetpath names="/" tstamps="/"/>
      <tstamp>59317E76</tstamp>
    </comp>
    <comp ref="R24">
      <value>47K_1%</value>
      <footprint>Resistors_THT:R_Axial_DIN0207_L6.3mm_D2.5mm_P2.54mm_Vertical</footprint>
      <libsource lib="mcu-rescue" part="R" description=""/>
      <sheetpath names="/" tstamps="/"/>
      <tstamp>5932272E</tstamp>
    </comp>
    <comp ref="R25">
      <value>100E_1%</value>
      <footprint>Resistors_THT:R_Axial_DIN0207_L6.3mm_D2.5mm_P2.54mm_Vertical</footprint>
      <libsource lib="mcu-rescue" part="R" description=""/>
      <sheetpath names="/" tstamps="/"/>
      <tstamp>59322734</tstamp>
    </comp>
    <comp ref="J4">
      <value>Screw_Terminal_01x02</value>
      <footprint>TerminalBlock_Phoenix:TerminalBlock_Phoenix_MKDS1.5-2pol</footprint>
      <libsource lib="mcu-rescue" part="Screw_Terminal_1x02" description=""/>
      <sheetpath names="/" tstamps="/"/>
      <tstamp>59322740</tstamp>
    </comp>
    <comp ref="R5">
      <value>47K_1%</value>
      <footprint>Resistors_THT:R_Axial_DIN0207_L6.3mm_D2.5mm_P2.54mm_Vertical</footprint>
      <libsource lib="mcu-rescue" part="R" description=""/>
      <sheetpath names="/" tstamps="/"/>
      <tstamp>5932274C</tstamp>
    </comp>
    <comp ref="C1">
      <value>0.1uF_50V</value>
      <footprint>Capacitors_THT:C_Disc_D6.0mm_W2.5mm_P5.00mm</footprint>
      <libsource lib="mcu-rescue" part="C-RESCUE-osimpiclc_v1" description=""/>
      <sheetpath names="/" tstamps="/"/>
      <tstamp>59322752</tstamp>
    </comp>
    <comp ref="R1">
      <value>150E_1%</value>
      <footprint>Resistors_THT:R_Axial_DIN0207_L6.3mm_D2.5mm_P2.54mm_Vertical</footprint>
      <libsource lib="mcu-rescue" part="R" description=""/>
      <sheetpath names="/" tstamps="/"/>
      <tstamp>59322758</tstamp>
    </comp>
    <comp ref="R2">
      <value>100E_1%</value>
      <footprint>Resistors_THT:R_Axial_DIN0207_L6.3mm_D2.5mm_P2.54mm_Vertical</footprint>
      <libsource lib="mcu-rescue" part="R" description=""/>
      <sheetpath names="/" tstamps="/"/>
      <tstamp>5932275E</tstamp>
    </comp>
    <comp ref="R22">
      <value>47K_1%</value>
      <footprint>Resistors_THT:R_Axial_DIN0207_L6.3mm_D2.5mm_P2.54mm_Vertical</footprint>
      <libsource lib="mcu-rescue" part="R" description=""/>
      <sheetpath names="/" tstamps="/"/>
      <tstamp>59322776</tstamp>
    </comp>
    <comp ref="R19">
      <value>47K_1%</value>
      <footprint>Resistors_THT:R_Axial_DIN0207_L6.3mm_D2.5mm_P2.54mm_Vertical</footprint>
      <libsource lib="mcu-rescue" part="R" description=""/>
      <sheetpath names="/" tstamps="/"/>
      <tstamp>59322788</tstamp>
    </comp>
    <comp ref="J6">
      <value>Pin_Straight_01x03</value>
      <footprint>Pin_Headers:Pin_Header_Straight_1x03_Pitch2.54mm</footprint>
      <libsource lib="mcu-rescue" part="Conn_01x03" description=""/>
      <sheetpath names="/" tstamps="/"/>
      <tstamp>59326F9B</tstamp>
    </comp>
    <comp ref="R30">
      <value>10K</value>
      <footprint>Resistors_THT:R_Axial_DIN0207_L6.3mm_D2.5mm_P2.54mm_Vertical</footprint>
      <libsource lib="mcu-rescue" part="R" description=""/>
      <sheetpath names="/" tstamps="/"/>
      <tstamp>59303F60</tstamp>
    </comp>
    <comp ref="R29">
      <value>10K</value>
      <footprint>Resistors_THT:R_Axial_DIN0207_L6.3mm_D2.5mm_P2.54mm_Vertical</footprint>
      <libsource lib="mcu-rescue" part="R" description=""/>
      <sheetpath names="/" tstamps="/"/>
      <tstamp>59303E9F</tstamp>
    </comp>
    <comp ref="R28">
      <value>10K</value>
      <footprint>Resistors_THT:R_Axial_DIN0207_L6.3mm_D2.5mm_P2.54mm_Vertical</footprint>
      <libsource lib="mcu-rescue" part="R" description=""/>
      <sheetpath names="/" tstamps="/"/>
      <tstamp>59303DCA</tstamp>
    </comp>
    <comp ref="R27">
      <value>10K</value>
      <footprint>Resistors_THT:R_Axial_DIN0207_L6.3mm_D2.5mm_P2.54mm_Vertical</footprint>
      <libsource lib="mcu-rescue" part="R" description=""/>
      <sheetpath names="/" tstamps="/"/>
      <tstamp>59303C62</tstamp>
    </comp>
    <comp ref="D4">
      <value>LED_3</value>
      <footprint>LEDs:LED_D3.0mm</footprint>
      <libsource lib="mcu-rescue" part="LED_Small_ALT" description=""/>
      <sheetpath names="/" tstamps="/"/>
      <tstamp>592DF308</tstamp>
    </comp>
    <comp ref="D16">
      <value>1N4148</value>
      <footprint>Diodes_THT:D_DO-35_SOD27_P2.54mm_Vertical_KathodeUp</footprint>
      <libsource lib="mcu-rescue" part="D_Small_ALT" description=""/>
      <sheetpath names="/" tstamps="/"/>
      <tstamp>592DF302</tstamp>
    </comp>
    <comp ref="R10">
      <value>2K2</value>
      <footprint>Resistors_THT:R_Axial_DIN0207_L6.3mm_D2.5mm_P2.54mm_Vertical</footprint>
      <libsource lib="mcu-rescue" part="R" description=""/>
      <sheetpath names="/" tstamps="/"/>
      <tstamp>592DF2FC</tstamp>
    </comp>
    <comp ref="D3">
      <value>LED_3</value>
      <footprint>LEDs:LED_D3.0mm</footprint>
      <libsource lib="mcu-rescue" part="LED_Small_ALT" description=""/>
      <sheetpath names="/" tstamps="/"/>
      <tstamp>592DF036</tstamp>
    </comp>
    <comp ref="D15">
      <value>1N4148</value>
      <footprint>Diodes_THT:D_DO-35_SOD27_P2.54mm_Vertical_KathodeUp</footprint>
      <libsource lib="mcu-rescue" part="D_Small_ALT" description=""/>
      <sheetpath names="/" tstamps="/"/>
      <tstamp>592DF030</tstamp>
    </comp>
    <comp ref="R9">
      <value>2K2</value>
      <footprint>Resistors_THT:R_Axial_DIN0207_L6.3mm_D2.5mm_P2.54mm_Vertical</footprint>
      <libsource lib="mcu-rescue" part="R" description=""/>
      <sheetpath names="/" tstamps="/"/>
      <tstamp>592DF02A</tstamp>
    </comp>
    <comp ref="D2">
      <value>LED_3</value>
      <footprint>LEDs:LED_D3.0mm</footprint>
      <libsource lib="mcu-rescue" part="LED_Small_ALT" description=""/>
      <sheetpath names="/" tstamps="/"/>
      <tstamp>592DED14</tstamp>
    </comp>
    <comp ref="D14">
      <value>1N4148</value>
      <footprint>Diodes_THT:D_DO-35_SOD27_P2.54mm_Vertical_KathodeUp</footprint>
      <libsource lib="mcu-rescue" part="D_Small_ALT" description=""/>
      <sheetpath names="/" tstamps="/"/>
      <tstamp>592DED0E</tstamp>
    </comp>
    <comp ref="R8">
      <value>2K2</value>
      <footprint>Resistors_THT:R_Axial_DIN0207_L6.3mm_D2.5mm_P2.54mm_Vertical</footprint>
      <libsource lib="mcu-rescue" part="R" description=""/>
      <sheetpath names="/" tstamps="/"/>
      <tstamp>592DED08</tstamp>
    </comp>
    <comp ref="D1">
      <value>LED_3</value>
      <footprint>LEDs:LED_D3.0mm</footprint>
      <libsource lib="mcu-rescue" part="LED_Small_ALT" description=""/>
      <sheetpath names="/" tstamps="/"/>
      <tstamp>592DE712</tstamp>
    </comp>
    <comp ref="D13">
      <value>1N4148</value>
      <footprint>Diodes_THT:D_DO-35_SOD27_P2.54mm_Vertical_KathodeUp</footprint>
      <libsource lib="mcu-rescue" part="D_Small_ALT" description=""/>
      <sheetpath names="/" tstamps="/"/>
      <tstamp>592DE5FD</tstamp>
    </comp>
    <comp ref="R7">
      <value>2K2</value>
      <footprint>Resistors_THT:R_Axial_DIN0207_L6.3mm_D2.5mm_P2.54mm_Vertical</footprint>
      <libsource lib="mcu-rescue" part="R" description=""/>
      <sheetpath names="/" tstamps="/"/>
      <tstamp>592DE3BC</tstamp>
    </comp>
    <comp ref="J1">
      <value>Screw_Terminal_01x05</value>
      <footprint>TerminalBlock_Phoenix:TerminalBlock_Phoenix_MKDS1.5-5pol</footprint>
      <libsource lib="mcu-rescue" part="Screw_Terminal_1x05" description=""/>
      <sheetpath names="/" tstamps="/"/>
      <tstamp>592DE25F</tstamp>
    </comp>
    <comp ref="U2">
      <value>CNY74-4</value>
      <footprint>Housings_DIP:DIP-16_W7.62mm_LongPads</footprint>
      <libsource lib="mcu-rescue" part="CNY74-4" description=""/>
      <sheetpath names="/" tstamps="/"/>
      <tstamp>592DDC64</tstamp>
    </comp>
    <comp ref="R34">
      <value>10K</value>
      <footprint>Resistors_THT:R_Axial_DIN0207_L6.3mm_D2.5mm_P2.54mm_Vertical</footprint>
      <libsource lib="mcu-rescue" part="R" description=""/>
      <sheetpath names="/" tstamps="/"/>
      <tstamp>5935E7B5</tstamp>
    </comp>
    <comp ref="R33">
      <value>10K</value>
      <footprint>Resistors_THT:R_Axial_DIN0207_L6.3mm_D2.5mm_P2.54mm_Vertical</footprint>
      <libsource lib="mcu-rescue" part="R" description=""/>
      <sheetpath names="/" tstamps="/"/>
      <tstamp>5935E7BB</tstamp>
    </comp>
    <comp ref="R32">
      <value>10K</value>
      <footprint>Resistors_THT:R_Axial_DIN0207_L6.3mm_D2.5mm_P2.54mm_Vertical</footprint>
      <libsource lib="mcu-rescue" part="R" description=""/>
      <sheetpath names="/" tstamps="/"/>
      <tstamp>5935E7C1</tstamp>
    </comp>
    <comp ref="R31">
      <value>10K</value>
      <footprint>Resistors_THT:R_Axial_DIN0207_L6.3mm_D2.5mm_P2.54mm_Vertical</footprint>
      <libsource lib="mcu-rescue" part="R" description=""/>
      <sheetpath names="/" tstamps="/"/>
      <tstamp>5935E7C7</tstamp>
    </comp>
    <comp ref="D8">
      <value>LED_3</value>
      <footprint>LEDs:LED_D3.0mm</footprint>
      <libsource lib="mcu-rescue" part="LED_Small_ALT" description=""/>
      <sheetpath names="/" tstamps="/"/>
      <tstamp>5935E7CD</tstamp>
    </comp>
    <comp ref="D20">
      <value>1N4148</value>
      <footprint>Diodes_THT:D_DO-35_SOD27_P2.54mm_Vertical_KathodeUp</footprint>
      <libsource lib="mcu-rescue" part="D_Small_ALT" description=""/>
      <sheetpath names="/" tstamps="/"/>
      <tstamp>5935E7D3</tstamp>
    </comp>
    <comp ref="R14">
      <value>2K2</value>
      <footprint>Resistors_THT:R_Axial_DIN0207_L6.3mm_D2.5mm_P2.54mm_Vertical</footprint>
      <libsource lib="mcu-rescue" part="R" description=""/>
      <sheetpath names="/" tstamps="/"/>
      <tstamp>5935E7D9</tstamp>
    </comp>
    <comp ref="D7">
      <value>LED_3</value>
      <footprint>LEDs:LED_D3.0mm</footprint>
      <libsource lib="mcu-rescue" part="LED_Small_ALT" description=""/>
      <sheetpath names="/" tstamps="/"/>
      <tstamp>5935E7DF</tstamp>
    </comp>
    <comp ref="D19">
      <value>1N4148</value>
      <footprint>Diodes_THT:D_DO-35_SOD27_P2.54mm_Vertical_KathodeUp</footprint>
      <libsource lib="mcu-rescue" part="D_Small_ALT" description=""/>
      <sheetpath names="/" tstamps="/"/>
      <tstamp>5935E7E5</tstamp>
    </comp>
    <comp ref="R13">
      <value>2K2</value>
      <footprint>Resistors_THT:R_Axial_DIN0207_L6.3mm_D2.5mm_P2.54mm_Vertical</footprint>
      <libsource lib="mcu-rescue" part="R" description=""/>
      <sheetpath names="/" tstamps="/"/>
      <tstamp>5935E7EB</tstamp>
    </comp>
    <comp ref="D6">
      <value>LED_3</value>
      <footprint>LEDs:LED_D3.0mm</footprint>
      <libsource lib="mcu-rescue" part="LED_Small_ALT" description=""/>
      <sheetpath names="/" tstamps="/"/>
      <tstamp>5935E7F1</tstamp>
    </comp>
    <comp ref="D18">
      <value>1N4148</value>
      <footprint>Diodes_THT:D_DO-35_SOD27_P2.54mm_Vertical_KathodeUp</footprint>
      <libsource lib="mcu-rescue" part="D_Small_ALT" description=""/>
      <sheetpath names="/" tstamps="/"/>
      <tstamp>5935E7F7</tstamp>
    </comp>
    <comp ref="R12">
      <value>2K2</value>
      <footprint>Resistors_THT:R_Axial_DIN0207_L6.3mm_D2.5mm_P2.54mm_Vertical</footprint>
      <libsource lib="mcu-rescue" part="R" description=""/>
      <sheetpath names="/" tstamps="/"/>
      <tstamp>5935E7FD</tstamp>
    </comp>
    <comp ref="D5">
      <value>LED_3</value>
      <footprint>LEDs:LED_D3.0mm</footprint>
      <libsource lib="mcu-rescue" part="LED_Small_ALT" description=""/>
      <sheetpath names="/" tstamps="/"/>
      <tstamp>5935E803</tstamp>
    </comp>
    <comp ref="D17">
      <value>1N4148</value>
      <footprint>Diodes_THT:D_DO-35_SOD27_P2.54mm_Vertical_KathodeUp</footprint>
      <libsource lib="mcu-rescue" part="D_Small_ALT" description=""/>
      <sheetpath names="/" tstamps="/"/>
      <tstamp>5935E809</tstamp>
    </comp>
    <comp ref="R11">
      <value>2K2</value>
      <footprint>Resistors_THT:R_Axial_DIN0207_L6.3mm_D2.5mm_P2.54mm_Vertical</footprint>
      <libsource lib="mcu-rescue" part="R" description=""/>
      <sheetpath names="/" tstamps="/"/>
      <tstamp>5935E80F</tstamp>
    </comp>
    <comp ref="J2">
      <value>Screw_Terminal_01x05</value>
      <footprint>TerminalBlock_Phoenix:TerminalBlock_Phoenix_MKDS1.5-5pol</footprint>
      <libsource lib="mcu-rescue" part="Screw_Terminal_1x05" description=""/>
      <sheetpath names="/" tstamps="/"/>
      <tstamp>5935E815</tstamp>
    </comp>
    <comp ref="U3">
      <value>CNY74-4</value>
      <footprint>Housings_DIP:DIP-16_W7.62mm_LongPads</footprint>
      <libsource lib="mcu-rescue" part="CNY74-4" description=""/>
      <sheetpath names="/" tstamps="/"/>
      <tstamp>5935E81B</tstamp>
    </comp>
    <comp ref="R38">
      <value>10K</value>
      <footprint>Resistors_THT:R_Axial_DIN0207_L6.3mm_D2.5mm_P2.54mm_Vertical</footprint>
      <libsource lib="mcu-rescue" part="R" description=""/>
      <sheetpath names="/" tstamps="/"/>
      <tstamp>5935FEDE</tstamp>
    </comp>
    <comp ref="R37">
      <value>10K</value>
      <footprint>Resistors_THT:R_Axial_DIN0207_L6.3mm_D2.5mm_P2.54mm_Vertical</footprint>
      <libsource lib="mcu-rescue" part="R" description=""/>
      <sheetpath names="/" tstamps="/"/>
      <tstamp>5935FEE4</tstamp>
    </comp>
    <comp ref="R36">
      <value>10K</value>
      <footprint>Resistors_THT:R_Axial_DIN0207_L6.3mm_D2.5mm_P2.54mm_Vertical</footprint>
      <libsource lib="mcu-rescue" part="R" description=""/>
      <sheetpath names="/" tstamps="/"/>
      <tstamp>5935FEEA</tstamp>
    </comp>
    <comp ref="R35">
      <value>10K</value>
      <footprint>Resistors_THT:R_Axial_DIN0207_L6.3mm_D2.5mm_P2.54mm_Vertical</footprint>
      <libsource lib="mcu-rescue" part="R" description=""/>
      <sheetpath names="/" tstamps="/"/>
      <tstamp>5935FEF0</tstamp>
    </comp>
    <comp ref="D12">
      <value>LED_3</value>
      <footprint>LEDs:LED_D3.0mm</footprint>
      <libsource lib="mcu-rescue" part="LED_Small_ALT" description=""/>
      <sheetpath names="/" tstamps="/"/>
      <tstamp>5935FEF6</tstamp>
    </comp>
    <comp ref="D24">
      <value>1N4148</value>
      <footprint>Diodes_THT:D_DO-35_SOD27_P2.54mm_Vertical_KathodeUp</footprint>
      <libsource lib="mcu-rescue" part="D_Small_ALT" description=""/>
      <sheetpath names="/" tstamps="/"/>
      <tstamp>5935FEFC</tstamp>
    </comp>
    <comp ref="R18">
      <value>2K2</value>
      <footprint>Resistors_THT:R_Axial_DIN0207_L6.3mm_D2.5mm_P2.54mm_Vertical</footprint>
      <libsource lib="mcu-rescue" part="R" description=""/>
      <sheetpath names="/" tstamps="/"/>
      <tstamp>5935FF02</tstamp>
    </comp>
    <comp ref="D11">
      <value>LED_3</value>
      <footprint>LEDs:LED_D3.0mm</footprint>
      <libsource lib="mcu-rescue" part="LED_Small_ALT" description=""/>
      <sheetpath names="/" tstamps="/"/>
      <tstamp>5935FF08</tstamp>
    </comp>
    <comp ref="D23">
      <value>1N4148</value>
      <footprint>Diodes_THT:D_DO-35_SOD27_P2.54mm_Vertical_KathodeUp</footprint>
      <libsource lib="mcu-rescue" part="D_Small_ALT" description=""/>
      <sheetpath names="/" tstamps="/"/>
      <tstamp>5935FF0E</tstamp>
    </comp>
    <comp ref="R17">
      <value>2K2</value>
      <footprint>Resistors_THT:R_Axial_DIN0207_L6.3mm_D2.5mm_P2.54mm_Vertical</footprint>
      <libsource lib="mcu-rescue" part="R" description=""/>
      <sheetpath names="/" tstamps="/"/>
      <tstamp>5935FF14</tstamp>
    </comp>
    <comp ref="D10">
      <value>LED_3</value>
      <footprint>LEDs:LED_D3.0mm</footprint>
      <libsource lib="mcu-rescue" part="LED_Small_ALT" description=""/>
      <sheetpath names="/" tstamps="/"/>
      <tstamp>5935FF1A</tstamp>
    </comp>
    <comp ref="D22">
      <value>1N4148</value>
      <footprint>Diodes_THT:D_DO-35_SOD27_P2.54mm_Vertical_KathodeUp</footprint>
      <libsource lib="mcu-rescue" part="D_Small_ALT" description=""/>
      <sheetpath names="/" tstamps="/"/>
      <tstamp>5935FF20</tstamp>
    </comp>
    <comp ref="R16">
      <value>2K2</value>
      <footprint>Resistors_THT:R_Axial_DIN0207_L6.3mm_D2.5mm_P2.54mm_Vertical</footprint>
      <libsource lib="mcu-rescue" part="R" description=""/>
      <sheetpath names="/" tstamps="/"/>
      <tstamp>5935FF26</tstamp>
    </comp>
    <comp ref="D9">
      <value>LED_3</value>
      <footprint>LEDs:LED_D3.0mm</footprint>
      <libsource lib="mcu-rescue" part="LED_Small_ALT" description=""/>
      <sheetpath names="/" tstamps="/"/>
      <tstamp>5935FF2C</tstamp>
    </comp>
    <comp ref="D21">
      <value>1N4148</value>
      <footprint>Diodes_THT:D_DO-35_SOD27_P2.54mm_Vertical_KathodeUp</footprint>
      <libsource lib="mcu-rescue" part="D_Small_ALT" description=""/>
      <sheetpath names="/" tstamps="/"/>
      <tstamp>5935FF32</tstamp>
    </comp>
    <comp ref="R15">
      <value>2K2</value>
      <footprint>Resistors_THT:R_Axial_DIN0207_L6.3mm_D2.5mm_P2.54mm_Vertical</footprint>
      <libsource lib="mcu-rescue" part="R" description=""/>
      <sheetpath names="/" tstamps="/"/>
      <tstamp>5935FF38</tstamp>
    </comp>
    <comp ref="J3">
      <value>Screw_Terminal_01x05</value>
      <footprint>TerminalBlock_Phoenix:TerminalBlock_Phoenix_MKDS1.5-5pol</footprint>
      <libsource lib="mcu-rescue" part="Screw_Terminal_1x05" description=""/>
      <sheetpath names="/" tstamps="/"/>
      <tstamp>5935FF3E</tstamp>
    </comp>
    <comp ref="U4">
      <value>CNY74-4</value>
      <footprint>Housings_DIP:DIP-16_W7.62mm_LongPads</footprint>
      <libsource lib="mcu-rescue" part="CNY74-4" description=""/>
      <sheetpath names="/" tstamps="/"/>
      <tstamp>5935FF44</tstamp>
    </comp>
    <comp ref="J15">
      <value>Socket_Angled_02x08</value>
      <footprint>Socket_Strips:Socket_Strip_Angled_2x08_Pitch2.54mm</footprint>
      <libsource lib="mcu-rescue" part="Conn_02x08_Odd_Even" description=""/>
      <sheetpath names="/" tstamps="/"/>
      <tstamp>59382B37</tstamp>
    </comp>
    <comp ref="U7">
      <value>CNY74-4</value>
      <footprint>Housings_DIP:DIP-16_W7.62mm_LongPads</footprint>
      <libsource lib="mcu-rescue" part="CNY74-4" description=""/>
      <sheetpath names="/" tstamps="/"/>
      <tstamp>593BFB12</tstamp>
    </comp>
    <comp ref="R51">
      <value>100E</value>
      <footprint>Resistors_THT:R_Axial_DIN0207_L6.3mm_D2.5mm_P2.54mm_Vertical</footprint>
      <libsource lib="mcu-rescue" part="R" description=""/>
      <sheetpath names="/" tstamps="/"/>
      <tstamp>593BFB18</tstamp>
    </comp>
    <comp ref="D31">
      <value>LED_3</value>
      <footprint>LEDs:LED_D3.0mm</footprint>
      <libsource lib="mcu-rescue" part="LED_Small_ALT" description=""/>
      <sheetpath names="/" tstamps="/"/>
      <tstamp>593BFB1E</tstamp>
    </comp>
    <comp ref="R52">
      <value>100E</value>
      <footprint>Resistors_THT:R_Axial_DIN0207_L6.3mm_D2.5mm_P2.54mm_Vertical</footprint>
      <libsource lib="mcu-rescue" part="R" description=""/>
      <sheetpath names="/" tstamps="/"/>
      <tstamp>593BFB24</tstamp>
    </comp>
    <comp ref="D32">
      <value>LED_3</value>
      <footprint>LEDs:LED_D3.0mm</footprint>
      <libsource lib="mcu-rescue" part="LED_Small_ALT" description=""/>
      <sheetpath names="/" tstamps="/"/>
      <tstamp>593BFB2A</tstamp>
    </comp>
    <comp ref="R53">
      <value>100E</value>
      <footprint>Resistors_THT:R_Axial_DIN0207_L6.3mm_D2.5mm_P2.54mm_Vertical</footprint>
      <libsource lib="mcu-rescue" part="R" description=""/>
      <sheetpath names="/" tstamps="/"/>
      <tstamp>593BFB30</tstamp>
    </comp>
    <comp ref="D33">
      <value>LED_3</value>
      <footprint>LEDs:LED_D3.0mm</footprint>
      <libsource lib="mcu-rescue" part="LED_Small_ALT" description=""/>
      <sheetpath names="/" tstamps="/"/>
      <tstamp>593BFB36</tstamp>
    </comp>
    <comp ref="R54">
      <value>100E</value>
      <footprint>Resistors_THT:R_Axial_DIN0207_L6.3mm_D2.5mm_P2.54mm_Vertical</footprint>
      <libsource lib="mcu-rescue" part="R" description=""/>
      <sheetpath names="/" tstamps="/"/>
      <tstamp>593BFB3C</tstamp>
    </comp>
    <comp ref="D34">
      <value>LED_3</value>
      <footprint>LEDs:LED_D3.0mm</footprint>
      <libsource lib="mcu-rescue" part="LED_Small_ALT" description=""/>
      <sheetpath names="/" tstamps="/"/>
      <tstamp>593BFB42</tstamp>
    </comp>
    <comp ref="D44">
      <value>1N4148</value>
      <footprint>Diodes_THT:D_DO-35_SOD27_P2.54mm_Vertical_KathodeUp</footprint>
      <libsource lib="mcu-rescue" part="D_ALT" description=""/>
      <sheetpath names="/" tstamps="/"/>
      <tstamp>593BFB48</tstamp>
    </comp>
    <comp ref="D45">
      <value>1N4148</value>
      <footprint>Diodes_THT:D_DO-35_SOD27_P2.54mm_Vertical_KathodeUp</footprint>
      <libsource lib="mcu-rescue" part="D_ALT" description=""/>
      <sheetpath names="/" tstamps="/"/>
      <tstamp>593BFB4E</tstamp>
    </comp>
    <comp ref="D46">
      <value>1N4148</value>
      <footprint>Diodes_THT:D_DO-35_SOD27_P2.54mm_Vertical_KathodeUp</footprint>
      <libsource lib="mcu-rescue" part="D_ALT" description=""/>
      <sheetpath names="/" tstamps="/"/>
      <tstamp>593BFB54</tstamp>
    </comp>
    <comp ref="D47">
      <value>1N4148</value>
      <footprint>Diodes_THT:D_DO-35_SOD27_P2.54mm_Vertical_KathodeUp</footprint>
      <libsource lib="mcu-rescue" part="D_ALT" description=""/>
      <sheetpath names="/" tstamps="/"/>
      <tstamp>593BFB5A</tstamp>
    </comp>
    <comp ref="J16">
      <value>Socket_Angled_02x08</value>
      <footprint>Socket_Strips:Socket_Strip_Angled_2x08_Pitch2.54mm</footprint>
      <libsource lib="mcu-rescue" part="Conn_02x08_Odd_Even" description=""/>
      <sheetpath names="/" tstamps="/"/>
      <tstamp>593BFBB9</tstamp>
    </comp>
    <comp ref="U8">
      <value>CNY74-4</value>
      <footprint>Housings_DIP:DIP-16_W7.62mm_LongPads</footprint>
      <libsource lib="mcu-rescue" part="CNY74-4" description=""/>
      <sheetpath names="/" tstamps="/"/>
      <tstamp>593C399B</tstamp>
    </comp>
    <comp ref="R55">
      <value>100E</value>
      <footprint>Resistors_THT:R_Axial_DIN0207_L6.3mm_D2.5mm_P2.54mm_Vertical</footprint>
      <libsource lib="mcu-rescue" part="R" description=""/>
      <sheetpath names="/" tstamps="/"/>
      <tstamp>593C39A1</tstamp>
    </comp>
    <comp ref="D35">
      <value>LED_3</value>
      <footprint>LEDs:LED_D3.0mm</footprint>
      <libsource lib="mcu-rescue" part="LED_Small_ALT" description=""/>
      <sheetpath names="/" tstamps="/"/>
      <tstamp>593C39A7</tstamp>
    </comp>
    <comp ref="R56">
      <value>100E</value>
      <footprint>Resistors_THT:R_Axial_DIN0207_L6.3mm_D2.5mm_P2.54mm_Vertical</footprint>
      <libsource lib="mcu-rescue" part="R" description=""/>
      <sheetpath names="/" tstamps="/"/>
      <tstamp>593C39AD</tstamp>
    </comp>
    <comp ref="D36">
      <value>LED_3</value>
      <footprint>LEDs:LED_D3.0mm</footprint>
      <libsource lib="mcu-rescue" part="LED_Small_ALT" description=""/>
      <sheetpath names="/" tstamps="/"/>
      <tstamp>593C39B3</tstamp>
    </comp>
    <comp ref="R57">
      <value>100E</value>
      <footprint>Resistors_THT:R_Axial_DIN0207_L6.3mm_D2.5mm_P2.54mm_Vertical</footprint>
      <libsource lib="mcu-rescue" part="R" description=""/>
      <sheetpath names="/" tstamps="/"/>
      <tstamp>593C39B9</tstamp>
    </comp>
    <comp ref="D37">
      <value>LED_3</value>
      <footprint>LEDs:LED_D3.0mm</footprint>
      <libsource lib="mcu-rescue" part="LED_Small_ALT" description=""/>
      <sheetpath names="/" tstamps="/"/>
      <tstamp>593C39BF</tstamp>
    </comp>
    <comp ref="R58">
      <value>100E</value>
      <footprint>Resistors_THT:R_Axial_DIN0207_L6.3mm_D2.5mm_P2.54mm_Vertical</footprint>
      <libsource lib="mcu-rescue" part="R" description=""/>
      <sheetpath names="/" tstamps="/"/>
      <tstamp>593C39C5</tstamp>
    </comp>
    <comp ref="D38">
      <value>LED_3</value>
      <footprint>LEDs:LED_D3.0mm</footprint>
      <libsource lib="mcu-rescue" part="LED_Small_ALT" description=""/>
      <sheetpath names="/" tstamps="/"/>
      <tstamp>593C39CB</tstamp>
    </comp>
    <comp ref="D48">
      <value>1N4148</value>
      <footprint>Diodes_THT:D_DO-35_SOD27_P2.54mm_Vertical_KathodeUp</footprint>
      <libsource lib="mcu-rescue" part="D_ALT" description=""/>
      <sheetpath names="/" tstamps="/"/>
      <tstamp>593C39D1</tstamp>
    </comp>
    <comp ref="D49">
      <value>1N4148</value>
      <footprint>Diodes_THT:D_DO-35_SOD27_P2.54mm_Vertical_KathodeUp</footprint>
      <libsource lib="mcu-rescue" part="D_ALT" description=""/>
      <sheetpath names="/" tstamps="/"/>
      <tstamp>593C39D7</tstamp>
    </comp>
    <comp ref="D50">
      <value>1N4148</value>
      <footprint>Diodes_THT:D_DO-35_SOD27_P2.54mm_Vertical_KathodeUp</footprint>
      <libsource lib="mcu-rescue" part="D_ALT" description=""/>
      <sheetpath names="/" tstamps="/"/>
      <tstamp>593C39DD</tstamp>
    </comp>
    <comp ref="D51">
      <value>1N4148</value>
      <footprint>Diodes_THT:D_DO-35_SOD27_P2.54mm_Vertical_KathodeUp</footprint>
      <libsource lib="mcu-rescue" part="D_ALT" description=""/>
      <sheetpath names="/" tstamps="/"/>
      <tstamp>593C39E3</tstamp>
    </comp>
    <comp ref="J17">
      <value>Socket_Angled_02x08</value>
      <footprint>Socket_Strips:Socket_Strip_Angled_2x08_Pitch2.54mm</footprint>
      <libsource lib="mcu-rescue" part="Conn_02x08_Odd_Even" description=""/>
      <sheetpath names="/" tstamps="/"/>
      <tstamp>593C3A42</tstamp>
    </comp>
    <comp ref="R65">
      <value>120K</value>
      <footprint>Resistors_THT:R_Axial_DIN0207_L6.3mm_D2.5mm_P2.54mm_Vertical</footprint>
      <libsource lib="mcu-rescue" part="R" description=""/>
      <sheetpath names="/" tstamps="/"/>
      <tstamp>593145EA</tstamp>
    </comp>
    <comp ref="R64">
      <value>120K</value>
      <footprint>Resistors_THT:R_Axial_DIN0207_L6.3mm_D2.5mm_P2.54mm_Vertical</footprint>
      <libsource lib="mcu-rescue" part="R" description=""/>
      <sheetpath names="/" tstamps="/"/>
      <tstamp>593144C2</tstamp>
    </comp>
    <comp ref="C14">
      <value>10uF_25V</value>
      <footprint>Capacitors_THT:CP_Radial_D5.0mm_P2.00mm</footprint>
      <libsource lib="mcu-rescue" part="CP_Small" description=""/>
      <sheetpath names="/" tstamps="/"/>
      <tstamp>59309C6D</tstamp>
    </comp>
    <comp ref="C13">
      <value>0.1uF_50V</value>
      <footprint>Capacitors_THT:C_Disc_D6.0mm_W2.5mm_P5.00mm</footprint>
      <libsource lib="mcu-rescue" part="C_Small" description=""/>
      <sheetpath names="/" tstamps="/"/>
      <tstamp>5930995E</tstamp>
    </comp>
    <comp ref="J18">
      <value>Screw_Terminal_01x04</value>
      <footprint>TerminalBlock_Phoenix:TerminalBlock_Phoenix_MKDS1.5-4pol</footprint>
      <libsource lib="mcu-rescue" part="Screw_Terminal_1x04" description=""/>
      <sheetpath names="/" tstamps="/"/>
      <tstamp>59303395</tstamp>
    </comp>
    <comp ref="R60">
      <value>4K7</value>
      <footprint>Resistors_THT:R_Axial_DIN0207_L6.3mm_D2.5mm_P2.54mm_Vertical</footprint>
      <libsource lib="mcu-rescue" part="R" description=""/>
      <sheetpath names="/" tstamps="/"/>
      <tstamp>5930074A</tstamp>
    </comp>
    <comp ref="R61">
      <value>220E</value>
      <footprint>Resistors_THT:R_Axial_DIN0207_L6.3mm_D2.5mm_P2.54mm_Vertical</footprint>
      <libsource lib="mcu-rescue" part="R" description=""/>
      <sheetpath names="/" tstamps="/"/>
      <tstamp>592FC2B7</tstamp>
    </comp>
    <comp ref="U11">
      <value>RS485-TTL</value>
      <footprint>Housings_DIP:DIP-8_W7.62mm_LongPads</footprint>
      <libsource lib="mcu-rescue" part="MAX485" description=""/>
      <sheetpath names="/" tstamps="/"/>
      <tstamp>592F965A</tstamp>
    </comp>
    <comp ref="R62">
      <value>2K2</value>
      <footprint>Resistors_THT:R_Axial_DIN0207_L6.3mm_D2.5mm_P2.54mm_Vertical</footprint>
      <libsource lib="mcu-rescue" part="R" description=""/>
      <sheetpath names="/" tstamps="/"/>
      <tstamp>594C3272</tstamp>
    </comp>
    <comp ref="D53">
      <value>LED_3</value>
      <footprint>LEDs:LED_D3.0mm</footprint>
      <libsource lib="mcu-rescue" part="LED_Small_ALT" description=""/>
      <sheetpath names="/" tstamps="/"/>
      <tstamp>594C33F5</tstamp>
    </comp>
    <comp ref="J8">
      <value>Pin_Straight_01x03</value>
      <footprint>Pin_Headers:Pin_Header_Straight_1x03_Pitch2.54mm</footprint>
      <libsource lib="mcu-rescue" part="Conn_01x03" description=""/>
      <sheetpath names="/" tstamps="/"/>
      <tstamp>5937F75C</tstamp>
    </comp>
    <comp ref="R6">
      <value>10K_1%</value>
      <footprint>Resistors_THT:R_Axial_DIN0207_L6.3mm_D2.5mm_P2.54mm_Vertical</footprint>
      <libsource lib="mcu-rescue" part="R" description=""/>
      <sheetpath names="/" tstamps="/"/>
      <tstamp>5938FCA5</tstamp>
    </comp>
    <comp ref="R45">
      <value>100E</value>
      <footprint>Resistors_THT:R_Axial_DIN0207_L6.3mm_D2.5mm_P2.54mm_Vertical</footprint>
      <libsource lib="mcu-rescue" part="R" description=""/>
      <sheetpath names="/" tstamps="/"/>
      <tstamp>5938E14A</tstamp>
    </comp>
    <comp ref="C3">
      <value>0.1uF_50V</value>
      <footprint>Capacitors_THT:C_Disc_D6.0mm_W2.5mm_P5.00mm</footprint>
      <libsource lib="mcu-rescue" part="C-RESCUE-osimpiclc_v1" description=""/>
      <sheetpath names="/" tstamps="/"/>
      <tstamp>5939AC16</tstamp>
    </comp>
    <comp ref="R59">
      <value>4K7</value>
      <footprint>Resistors_THT:R_Axial_DIN0207_L6.3mm_D2.5mm_P2.54mm_Vertical</footprint>
      <libsource lib="mcu-rescue" part="R" description=""/>
      <sheetpath names="/" tstamps="/"/>
      <tstamp>593ADBD7</tstamp>
    </comp>
    <comp ref="D52">
      <value>LED_3</value>
      <footprint>LEDs:LED_D3.0mm</footprint>
      <libsource lib="mcu-rescue" part="LED_Small_ALT" description=""/>
      <sheetpath names="/" tstamps="/"/>
      <tstamp>593B0982</tstamp>
    </comp>
    <comp ref="J14">
      <value>Pin_Straight_02x05</value>
      <footprint>Pin_Headers:Pin_Header_Straight_2x05_Pitch2.54mm</footprint>
      <libsource lib="mcu-rescue" part="Conn_02x05_Odd_Even" description=""/>
      <sheetpath names="/" tstamps="/"/>
      <tstamp>593D7F50</tstamp>
    </comp>
    <comp ref="J13">
      <value>Pin_Straight_02x04</value>
      <footprint>Pin_Headers:Pin_Header_Straight_2x04_Pitch2.54mm</footprint>
      <libsource lib="mcu-rescue" part="Conn_02x04_Odd_Even" description=""/>
      <sheetpath names="/" tstamps="/"/>
      <tstamp>593DEABD</tstamp>
    </comp>
    <comp ref="J9">
      <value>Pin_Straight_02x03</value>
      <footprint>Pin_Headers:Pin_Header_Straight_2x03_Pitch2.54mm</footprint>
      <libsource lib="mcu-rescue" part="Conn_02x03_Odd_Even" description=""/>
      <sheetpath names="/" tstamps="/"/>
      <tstamp>593D120E</tstamp>
    </comp>
    <comp ref="J7">
      <value>Pin_Straight_02x03</value>
      <footprint>Pin_Headers:Pin_Header_Straight_2x03_Pitch2.54mm</footprint>
      <libsource lib="mcu-rescue" part="Conn_02x03_Odd_Even" description=""/>
      <sheetpath names="/" tstamps="/"/>
      <tstamp>593D192D</tstamp>
    </comp>
    <comp ref="D55">
      <value>1N4741</value>
      <footprint>Diodes_THT:D_DO-41_SOD81_P2.54mm_Vertical_KathodeUp</footprint>
      <libsource lib="mcu-rescue" part="D_Zener" description=""/>
      <sheetpath names="/" tstamps="/"/>
      <tstamp>5A2987D9</tstamp>
    </comp>
    <comp ref="D56">
      <value>1N4741</value>
      <footprint>Diodes_THT:D_DO-41_SOD81_P2.54mm_Vertical_KathodeUp</footprint>
      <libsource lib="mcu-rescue" part="D_Zener" description=""/>
      <sheetpath names="/" tstamps="/"/>
      <tstamp>5A298A2D</tstamp>
    </comp>
    <comp ref="D57">
      <value>1N4741</value>
      <footprint>Diodes_THT:D_DO-41_SOD81_P2.54mm_Vertical_KathodeUp</footprint>
      <libsource lib="mcu-rescue" part="D_Zener" description=""/>
      <sheetpath names="/" tstamps="/"/>
      <tstamp>5A298C70</tstamp>
    </comp>
    <comp ref="D58">
      <value>1N4741</value>
      <footprint>Diodes_THT:D_DO-41_SOD81_P2.54mm_Vertical_KathodeUp</footprint>
      <libsource lib="mcu-rescue" part="D_Zener" description=""/>
      <sheetpath names="/" tstamps="/"/>
      <tstamp>5A298EBE</tstamp>
    </comp>
    <comp ref="J12">
      <value>Socket_Angled_02x08</value>
      <footprint>Socket_Strips:Socket_Strip_Angled_2x08_Pitch2.54mm</footprint>
      <libsource lib="mcu-rescue" part="Conn_02x08_Odd_Even" description=""/>
      <sheetpath names="/" tstamps="/"/>
      <tstamp>5A2D020A</tstamp>
    </comp>
    <comp ref="J19">
      <value>Screw_Terminal_01x05</value>
      <footprint>TerminalBlock_Phoenix:TerminalBlock_Phoenix_MKDS1.5-5pol</footprint>
      <libsource lib="mcu-rescue" part="Screw_Terminal_01x05" description=""/>
      <sheetpath names="/" tstamps="/"/>
      <tstamp>5A2EF536</tstamp>
    </comp>
    <comp ref="J11">
      <value>Socket_Straight_02x08</value>
      <footprint>Socket_Strips:Socket_Strip_Straight_2x08_Pitch2.54mm</footprint>
      <libsource lib="mcu-rescue" part="Conn_02x08_Odd_Even" description=""/>
      <sheetpath names="/" tstamps="/"/>
      <tstamp>5A2DAD47</tstamp>
    </comp>
    <comp ref="J20">
      <value>Pin_Straight_02x04</value>
      <footprint>Pin_Headers:Pin_Header_Straight_2x04_Pitch2.54mm</footprint>
      <libsource lib="mcu-rescue" part="Conn_02x04_Odd_Even" description=""/>
      <sheetpath names="/" tstamps="/"/>
      <tstamp>5A8F0960</tstamp>
    </comp>
    <comp ref="U10">
      <value>LM317_3PinPackage</value>
      <footprint>TO_SOT_Packages_THT:TO-220_Horizontal</footprint>
      <libsource lib="mcu-rescue" part="LM317_3PinPackage" description=""/>
      <sheetpath names="/" tstamps="/"/>
      <tstamp>5B953FE7</tstamp>
    </comp>
    <comp ref="R66">
      <value>150E_1%</value>
      <footprint>Resistors_THT:R_Axial_DIN0207_L6.3mm_D2.5mm_P2.54mm_Vertical</footprint>
      <libsource lib="mcu-rescue" part="R" description=""/>
      <sheetpath names="/" tstamps="/"/>
      <tstamp>5B954EBD</tstamp>
    </comp>
    <comp ref="R67">
      <value>390E_1%</value>
      <footprint>Resistors_THT:R_Axial_DIN0207_L6.3mm_D2.5mm_P2.54mm_Vertical</footprint>
      <libsource lib="mcu-rescue" part="R" description=""/>
      <sheetpath names="/" tstamps="/"/>
      <tstamp>5B95529D</tstamp>
    </comp>
    <comp ref="RV1">
      <value>100ELin</value>
      <footprint>Potentiometers:Potentiometer_Trimmer_Bourns_3006P</footprint>
      <libsource lib="mcu-rescue" part="POT_TRIM" description=""/>
      <sheetpath names="/" tstamps="/"/>
      <tstamp>5B95643E</tstamp>
    </comp>
    <comp ref="D59">
      <value>1N4007</value>
      <footprint>Diodes_THT:D_DO-41_SOD81_P2.54mm_Vertical_KathodeUp</footprint>
      <libsource lib="mcu-rescue" part="D_ALT" description=""/>
      <sheetpath names="/" tstamps="/"/>
      <tstamp>5B95B073</tstamp>
    </comp>
    <comp ref="C11">
      <value>0.1uF_50V</value>
      <footprint>Capacitors_THT:C_Disc_D6.0mm_W2.5mm_P5.00mm</footprint>
      <libsource lib="mcu-rescue" part="C-RESCUE-osimpiclc_v1" description=""/>
      <sheetpath names="/" tstamps="/"/>
      <tstamp>56C5181E</tstamp>
    </comp>
    <comp ref="C12">
      <value>470uF_16V</value>
      <footprint>Capacitors_THT:CP_Radial_D8.0mm_P3.50mm</footprint>
      <libsource lib="mcu-rescue" part="CP_Small" description=""/>
      <sheetpath names="/" tstamps="/"/>
      <tstamp>5B988208</tstamp>
    </comp>
    <comp ref="R68">
      <value>1K</value>
      <footprint>Resistors_THT:R_Axial_DIN0207_L6.3mm_D2.5mm_P2.54mm_Vertical</footprint>
      <libsource lib="mcu-rescue" part="R" description=""/>
      <sheetpath names="/" tstamps="/"/>
      <tstamp>5B997609</tstamp>
    </comp>
    <comp ref="D39">
      <value>1N4007</value>
      <footprint>Diodes_THT:D_DO-41_SOD81_P2.54mm_Vertical_KathodeUp</footprint>
      <libsource lib="mcu-rescue" part="D_ALT" description=""/>
      <sheetpath names="/" tstamps="/"/>
      <tstamp>5BF1D078</tstamp>
    </comp>
  </components>
  <libparts>
    <libpart lib="mcu-rescue" part="C">
      <footprints>
        <fp>C_*</fp>
      </footprints>
      <fields>
        <field name="Reference">C</field>
        <field name="Value">C</field>
      </fields>
      <pins>
        <pin num="1" name="~" type="passive"/>
        <pin num="2" name="~" type="passive"/>
      </pins>
    </libpart>
    <libpart lib="mcu-rescue" part="C-RESCUE-osimpiclc_v1">
      <footprints>
        <fp>SM*</fp>
        <fp>C?</fp>
        <fp>C1-1</fp>
      </footprints>
      <fields>
        <field name="Reference">C</field>
        <field name="Value">C-RESCUE-osimpiclc_v1</field>
      </fields>
      <pins>
        <pin num="1" name="~" type="passive"/>
        <pin num="2" name="~" type="passive"/>
      </pins>
    </libpart>
    <libpart lib="mcu-rescue" part="CNY74-4">
      <footprints>
        <fp>DIP*W7.62mm*</fp>
      </footprints>
      <fields>
        <field name="Reference">U</field>
        <field name="Value">CNY74-4</field>
        <field name="Footprint">Housings_DIP:DIP-16_W7.62mm</field>
      </fields>
      <pins>
        <pin num="1" name="~" type="passive"/>
        <pin num="2" name="~" type="passive"/>
        <pin num="3" name="~" type="passive"/>
        <pin num="4" name="~" type="passive"/>
        <pin num="5" name="~" type="passive"/>
        <pin num="6" name="~" type="passive"/>
        <pin num="7" name="~" type="passive"/>
        <pin num="8" name="~" type="passive"/>
        <pin num="9" name="~" type="passive"/>
        <pin num="10" name="~" type="passive"/>
        <pin num="11" name="~" type="passive"/>
        <pin num="12" name="~" type="passive"/>
        <pin num="13" name="~" type="passive"/>
        <pin num="14" name="~" type="passive"/>
        <pin num="15" name="~" type="passive"/>
        <pin num="16" name="~" type="passive"/>
      </pins>
    </libpart>
    <libpart lib="mcu-rescue" part="CP_Small">
      <footprints>
        <fp>CP_*</fp>
      </footprints>
      <fields>
        <field name="Reference">C</field>
        <field name="Value">CP_Small</field>
      </fields>
      <pins>
        <pin num="1" name="~" type="passive"/>
        <pin num="2" name="~" type="passive"/>
      </pins>
    </libpart>
    <libpart lib="mcu-rescue" part="C_Small">
      <footprints>
        <fp>C_*</fp>
      </footprints>
      <fields>
        <field name="Reference">C</field>
        <field name="Value">C_Small</field>
      </fields>
      <pins>
        <pin num="1" name="~" type="passive"/>
        <pin num="2" name="~" type="passive"/>
      </pins>
    </libpart>
    <libpart lib="mcu-rescue" part="Conn_01x03">
      <footprints>
        <fp>Connector*:*_??x*mm*</fp>
        <fp>Connector*:*1x??x*mm*</fp>
        <fp>Pin?Header?Straight?1X*</fp>
        <fp>Pin?Header?Angled?1X*</fp>
        <fp>Socket?Strip?Straight?1X*</fp>
        <fp>Socket?Strip?Angled?1X*</fp>
      </footprints>
      <fields>
        <field name="Reference">J</field>
        <field name="Value">Conn_01x03</field>
      </fields>
      <pins>
        <pin num="1" name="Pin_1" type="passive"/>
        <pin num="2" name="Pin_2" type="passive"/>
        <pin num="3" name="Pin_3" type="passive"/>
      </pins>
    </libpart>
    <libpart lib="mcu-rescue" part="Conn_02x03_Odd_Even">
      <footprints>
        <fp>Connector*:*2x??x*mm*</fp>
        <fp>Connector*:*2x???Pitch*</fp>
        <fp>Pin_Header_Straight_2X*</fp>
        <fp>Pin_Header_Angled_2X*</fp>
        <fp>Socket_Strip_Straight_2X*</fp>
        <fp>Socket_Strip_Angled_2X*</fp>
      </footprints>
      <fields>
        <field name="Reference">J</field>
        <field name="Value">Conn_02x03_Odd_Even</field>
      </fields>
      <pins>
        <pin num="1" name="Pin_1" type="passive"/>
        <pin num="2" name="Pin_2" type="passive"/>
        <pin num="3" name="Pin_3" type="passive"/>
        <pin num="4" name="Pin_4" type="passive"/>
        <pin num="5" name="Pin_5" type="passive"/>
        <pin num="6" name="Pin_6" type="passive"/>
      </pins>
    </libpart>
    <libpart lib="mcu-rescue" part="Conn_02x04_Odd_Even">
      <footprints>
        <fp>Connector*:*2x??x*mm*</fp>
        <fp>Connector*:*2x???Pitch*</fp>
        <fp>Pin_Header_Straight_2X*</fp>
        <fp>Pin_Header_Angled_2X*</fp>
        <fp>Socket_Strip_Straight_2X*</fp>
        <fp>Socket_Strip_Angled_2X*</fp>
      </footprints>
      <fields>
        <field name="Reference">J</field>
        <field name="Value">Conn_02x04_Odd_Even</field>
      </fields>
      <pins>
        <pin num="1" name="Pin_1" type="passive"/>
        <pin num="2" name="Pin_2" type="passive"/>
        <pin num="3" name="Pin_3" type="passive"/>
        <pin num="4" name="Pin_4" type="passive"/>
        <pin num="5" name="Pin_5" type="passive"/>
        <pin num="6" name="Pin_6" type="passive"/>
        <pin num="7" name="Pin_7" type="passive"/>
        <pin num="8" name="Pin_8" type="passive"/>
      </pins>
    </libpart>
    <libpart lib="mcu-rescue" part="Conn_02x05_Odd_Even">
      <footprints>
        <fp>Connector*:*2x??x*mm*</fp>
        <fp>Connector*:*2x???Pitch*</fp>
        <fp>Pin_Header_Straight_2X*</fp>
        <fp>Pin_Header_Angled_2X*</fp>
        <fp>Socket_Strip_Straight_2X*</fp>
        <fp>Socket_Strip_Angled_2X*</fp>
      </footprints>
      <fields>
        <field name="Reference">J</field>
        <field name="Value">Conn_02x05_Odd_Even</field>
      </fields>
      <pins>
        <pin num="1" name="Pin_1" type="passive"/>
        <pin num="2" name="Pin_2" type="passive"/>
        <pin num="3" name="Pin_3" type="passive"/>
        <pin num="4" name="Pin_4" type="passive"/>
        <pin num="5" name="Pin_5" type="passive"/>
        <pin num="6" name="Pin_6" type="passive"/>
        <pin num="7" name="Pin_7" type="passive"/>
        <pin num="8" name="Pin_8" type="passive"/>
        <pin num="9" name="Pin_9" type="passive"/>
        <pin num="10" name="Pin_10" type="passive"/>
      </pins>
    </libpart>
    <libpart lib="mcu-rescue" part="Conn_02x08_Odd_Even">
      <footprints>
        <fp>Connector*:*2x??x*mm*</fp>
        <fp>Connector*:*2x???Pitch*</fp>
        <fp>Pin_Header_Straight_2X*</fp>
        <fp>Pin_Header_Angled_2X*</fp>
        <fp>Socket_Strip_Straight_2X*</fp>
        <fp>Socket_Strip_Angled_2X*</fp>
      </footprints>
      <fields>
        <field name="Reference">J</field>
        <field name="Value">Conn_02x08_Odd_Even</field>
      </fields>
      <pins>
        <pin num="1" name="Pin_1" type="passive"/>
        <pin num="2" name="Pin_2" type="passive"/>
        <pin num="3" name="Pin_3" type="passive"/>
        <pin num="4" name="Pin_4" type="passive"/>
        <pin num="5" name="Pin_5" type="passive"/>
        <pin num="6" name="Pin_6" type="passive"/>
        <pin num="7" name="Pin_7" type="passive"/>
        <pin num="8" name="Pin_8" type="passive"/>
        <pin num="9" name="Pin_9" type="passive"/>
        <pin num="10" name="Pin_10" type="passive"/>
        <pin num="11" name="Pin_11" type="passive"/>
        <pin num="12" name="Pin_12" type="passive"/>
        <pin num="13" name="Pin_13" type="passive"/>
        <pin num="14" name="Pin_14" type="passive"/>
        <pin num="15" name="Pin_15" type="passive"/>
        <pin num="16" name="Pin_16" type="passive"/>
      </pins>
    </libpart>
    <libpart lib="mcu-rescue" part="Crystal_Small">
      <footprints>
        <fp>Crystal*</fp>
      </footprints>
      <fields>
        <field name="Reference">Y</field>
        <field name="Value">Crystal_Small</field>
      </fields>
      <pins>
        <pin num="1" name="1" type="passive"/>
        <pin num="2" name="2" type="passive"/>
      </pins>
    </libpart>
    <libpart lib="mcu-rescue" part="D_ALT">
      <footprints>
        <fp>TO-???*</fp>
        <fp>*SingleDiode</fp>
        <fp>*_Diode_*</fp>
        <fp>*SingleDiode*</fp>
        <fp>D_*</fp>
      </footprints>
      <fields>
        <field name="Reference">D</field>
        <field name="Value">D_ALT</field>
      </fields>
      <pins>
        <pin num="1" name="K" type="passive"/>
        <pin num="2" name="A" type="passive"/>
      </pins>
    </libpart>
    <libpart lib="mcu-rescue" part="D_Schottky_Small_ALT">
      <footprints>
        <fp>TO-???*</fp>
        <fp>*SingleDiode</fp>
        <fp>*_Diode_*</fp>
        <fp>*SingleDiode*</fp>
        <fp>D_*</fp>
      </footprints>
      <fields>
        <field name="Reference">D</field>
        <field name="Value">D_Schottky_Small_ALT</field>
      </fields>
      <pins>
        <pin num="1" name="K" type="passive"/>
        <pin num="2" name="A" type="passive"/>
      </pins>
    </libpart>
    <libpart lib="mcu-rescue" part="D_Small_ALT">
      <footprints>
        <fp>TO-???*</fp>
        <fp>*SingleDiode</fp>
        <fp>*_Diode_*</fp>
        <fp>*SingleDiode*</fp>
        <fp>D_*</fp>
      </footprints>
      <fields>
        <field name="Reference">D</field>
        <field name="Value">D_Small_ALT</field>
      </fields>
      <pins>
        <pin num="1" name="K" type="passive"/>
        <pin num="2" name="A" type="passive"/>
      </pins>
    </libpart>
    <libpart lib="mcu-rescue" part="D_Zener">
      <footprints>
        <fp>TO-???*</fp>
        <fp>*SingleDiode</fp>
        <fp>*_Diode_*</fp>
        <fp>*SingleDiode*</fp>
        <fp>D_*</fp>
      </footprints>
      <fields>
        <field name="Reference">D</field>
        <field name="Value">D_Zener</field>
      </fields>
      <pins>
        <pin num="1" name="K" type="passive"/>
        <pin num="2" name="A" type="passive"/>
      </pins>
    </libpart>
    <libpart lib="mcu-rescue" part="Fuse">
      <footprints>
        <fp>*Fuse*</fp>
      </footprints>
      <fields>
        <field name="Reference">F</field>
        <field name="Value">Fuse</field>
      </fields>
      <pins>
        <pin num="1" name="~" type="passive"/>
        <pin num="2" name="~" type="passive"/>
      </pins>
    </libpart>
    <libpart lib="mcu-rescue" part="LED_Small_ALT">
      <footprints>
        <fp>LED-*</fp>
        <fp>LED_*</fp>
      </footprints>
      <fields>
        <field name="Reference">D</field>
        <field name="Value">LED_Small_ALT</field>
      </fields>
      <pins>
        <pin num="1" name="K" type="passive"/>
        <pin num="2" name="A" type="passive"/>
      </pins>
    </libpart>
    <libpart lib="mcu-rescue" part="LM317_3PinPackage">
      <footprints>
        <fp>SOT?223*</fp>
        <fp>SOT?89*</fp>
        <fp>TO?220*</fp>
        <fp>TO?252*</fp>
        <fp>TO?263*</fp>
      </footprints>
      <fields>
        <field name="Reference">U</field>
        <field name="Value">LM317_3PinPackage</field>
      </fields>
      <pins>
        <pin num="1" name="ADJ" type="input"/>
        <pin num="2" name="VO" type="power_out"/>
        <pin num="3" name="VI" type="power_in"/>
      </pins>
    </libpart>
    <libpart lib="mcu-rescue" part="LM324">
      <footprints>
        <fp>SOIC*3.9x8.7mm*Pitch1.27mm*</fp>
        <fp>DIP*W7.62mm*</fp>
        <fp>TSSOP*4.4x5mm*Pitch0.65mm*</fp>
        <fp>SSOP*5.3x6.2mm*Pitch0.65mm*</fp>
        <fp>MSOP*3x3mm*Pitch0.5mm*</fp>
      </footprints>
      <fields>
        <field name="Reference">U</field>
        <field name="Value">LM324</field>
      </fields>
      <pins>
        <pin num="1" name="~" type="output"/>
        <pin num="2" name="-" type="input"/>
        <pin num="3" name="+" type="input"/>
        <pin num="4" name="V+" type="power_in"/>
        <pin num="5" name="+" type="input"/>
        <pin num="6" name="-" type="input"/>
        <pin num="7" name="~" type="output"/>
        <pin num="8" name="~" type="output"/>
        <pin num="9" name="-" type="input"/>
        <pin num="10" name="+" type="input"/>
        <pin num="11" name="V-" type="power_in"/>
        <pin num="12" name="+" type="input"/>
        <pin num="13" name="-" type="input"/>
        <pin num="14" name="~" type="output"/>
      </pins>
    </libpart>
    <libpart lib="mcu-rescue" part="LM385-2.5">
      <footprints>
        <fp>TO-???*</fp>
        <fp>*SingleDiode</fp>
        <fp>*_Diode_*</fp>
        <fp>*SingleDiode*</fp>
        <fp>D_*</fp>
      </footprints>
      <fields>
        <field name="Reference">D</field>
        <field name="Value">LM385-2.5</field>
      </fields>
      <pins>
        <pin num="1" name="A" type="passive"/>
        <pin num="2" name="K" type="passive"/>
        <pin num="3" name="NC" type="NotConnected"/>
      </pins>
    </libpart>
    <libpart lib="mcu-rescue" part="MAX485">
      <fields>
        <field name="Reference">U</field>
        <field name="Value">MAX485</field>
      </fields>
      <pins>
        <pin num="1" name="RO" type="passive"/>
        <pin num="2" name="~RE" type="passive"/>
        <pin num="3" name="DE" type="passive"/>
        <pin num="4" name="DI" type="passive"/>
        <pin num="5" name="VSS" type="passive"/>
        <pin num="6" name="A" type="passive"/>
        <pin num="7" name="B" type="passive"/>
        <pin num="8" name="VDD" type="passive"/>
      </pins>
    </libpart>
    <libpart lib="mcu-rescue" part="MC78L06ACP">
      <footprints>
        <fp>TO*</fp>
      </footprints>
      <fields>
        <field name="Reference">U</field>
        <field name="Value">MC78L06ACP</field>
        <field name="Footprint">TO_SOT_Packages_THT:TO-92_Molded_Narrow</field>
      </fields>
      <pins>
        <pin num="1" name="OUT" type="power_out"/>
        <pin num="2" name="GND" type="power_in"/>
        <pin num="3" name="IN" type="input"/>
      </pins>
    </libpart>
    <libpart lib="mcu-rescue" part="PIC16F887-DIP">
      <fields>
        <field name="Reference">U</field>
        <field name="Value">PIC16F887-DIP</field>
      </fields>
      <pins>
        <pin num="1" name="RE3/~MCLR~/VPP" type="passive"/>
        <pin num="2" name="RA0/AN0/ULPWU/C12IN0-" type="passive"/>
        <pin num="3" name="RA1/AN1/C12IN1-" type="passive"/>
        <pin num="4" name="RA2/AN2/VREF-/CVREF/C2IN+" type="passive"/>
        <pin num="5" name="RA3/AN3/VREF+/C1IN+" type="passive"/>
        <pin num="6" name="RA4/T0CKI/C1OUT" type="passive"/>
        <pin num="7" name="RA5/AN4/~SS~/C2OUT" type="passive"/>
        <pin num="8" name="RE0/AN5" type="passive"/>
        <pin num="9" name="RE1/AN6" type="passive"/>
        <pin num="10" name="RE2/AN7" type="passive"/>
        <pin num="11" name="VDD" type="passive"/>
        <pin num="12" name="VSS" type="passive"/>
        <pin num="13" name="RA7/OSC1/CLKIN" type="passive"/>
        <pin num="14" name="RA6/OSC2/CLKOUT" type="passive"/>
        <pin num="15" name="RC0/T1OS0/T1CKI" type="passive"/>
        <pin num="16" name="RC1/T1OSI/CCP2" type="passive"/>
        <pin num="17" name="RC2/P1A/CCP1" type="passive"/>
        <pin num="18" name="RC3/SCK/SCL" type="passive"/>
        <pin num="19" name="RD0" type="passive"/>
        <pin num="20" name="RD1" type="passive"/>
        <pin num="21" name="RD2" type="passive"/>
        <pin num="22" name="RD3" type="passive"/>
        <pin num="23" name="RC4/SDI/SDA" type="passive"/>
        <pin num="24" name="RC5/SDO" type="passive"/>
        <pin num="25" name="RC6/TX/CK" type="passive"/>
        <pin num="26" name="RC7/RX/DT" type="passive"/>
        <pin num="27" name="RD4" type="passive"/>
        <pin num="28" name="RD5/P1B" type="passive"/>
        <pin num="29" name="RD6/P1C" type="passive"/>
        <pin num="30" name="RD7/P1D" type="passive"/>
        <pin num="31" name="VSS" type="passive"/>
        <pin num="32" name="VDD" type="passive"/>
        <pin num="33" name="RB0/AN12/INT" type="passive"/>
        <pin num="34" name="RB1/AN10/C12IN3-" type="passive"/>
        <pin num="35" name="RB2/AN8" type="passive"/>
        <pin num="36" name="RB3/AN9/PGM/C12IN2-" type="passive"/>
        <pin num="37" name="RB4/AN11" type="passive"/>
        <pin num="38" name="RB5/AN13/~T1G" type="passive"/>
        <pin num="39" name="RB6/ICSPCLK" type="passive"/>
        <pin num="40" name="RB7/ICSPDAT" type="passive"/>
      </pins>
    </libpart>
    <libpart lib="mcu-rescue" part="POT_TRIM">
      <footprints>
        <fp>Potentiometer*</fp>
      </footprints>
      <fields>
        <field name="Reference">RV</field>
        <field name="Value">POT_TRIM</field>
      </fields>
      <pins>
        <pin num="1" name="1" type="passive"/>
        <pin num="2" name="2" type="passive"/>
        <pin num="3" name="3" type="passive"/>
      </pins>
    </libpart>
    <libpart lib="mcu-rescue" part="R">
      <footprints>
        <fp>R_*</fp>
        <fp>R_*</fp>
      </footprints>
      <fields>
        <field name="Reference">R</field>
        <field name="Value">R</field>
      </fields>
      <pins>
        <pin num="1" name="~" type="passive"/>
        <pin num="2" name="~" type="passive"/>
      </pins>
    </libpart>
    <libpart lib="mcu-rescue" part="Screw_Terminal_01x05">
      <footprints>
        <fp>Connector*Terminal*Block*:*</fp>
        <fp>TerminalBlock*</fp>
      </footprints>
      <fields>
        <field name="Reference">J</field>
        <field name="Value">Screw_Terminal_01x05</field>
      </fields>
      <pins>
        <pin num="1" name="Pin_1" type="passive"/>
        <pin num="2" name="Pin_2" type="passive"/>
        <pin num="3" name="Pin_3" type="passive"/>
        <pin num="4" name="Pin_4" type="passive"/>
        <pin num="5" name="Pin_5" type="passive"/>
      </pins>
    </libpart>
    <libpart lib="mcu-rescue" part="Screw_Terminal_1x02">
      <footprints>
        <fp>bornier2</fp>
        <fp>TerminalBlock*2pol</fp>
      </footprints>
      <fields>
        <field name="Reference">J</field>
        <field name="Value">Screw_Terminal_1x02</field>
      </fields>
      <pins>
        <pin num="1" name="~" type="passive"/>
        <pin num="2" name="~" type="passive"/>
      </pins>
    </libpart>
    <libpart lib="mcu-rescue" part="Screw_Terminal_1x04">
      <footprints>
        <fp>bornier4</fp>
        <fp>TerminalBlock*4pol</fp>
      </footprints>
      <fields>
        <field name="Reference">J</field>
        <field name="Value">Screw_Terminal_1x04</field>
      </fields>
      <pins>
        <pin num="1" name="~" type="passive"/>
        <pin num="2" name="~" type="passive"/>
        <pin num="3" name="~" type="passive"/>
        <pin num="4" name="~" type="passive"/>
      </pins>
    </libpart>
    <libpart lib="mcu-rescue" part="Screw_Terminal_1x05">
      <footprints>
        <fp>bornier5</fp>
        <fp>TerminalBlock*5pol</fp>
      </footprints>
      <fields>
        <field name="Reference">J</field>
        <field name="Value">Screw_Terminal_1x05</field>
      </fields>
      <pins>
        <pin num="1" name="~" type="passive"/>
        <pin num="2" name="~" type="passive"/>
        <pin num="3" name="~" type="passive"/>
        <pin num="4" name="~" type="passive"/>
        <pin num="5" name="~" type="passive"/>
      </pins>
    </libpart>
    <libpart lib="switches" part="SW_Push">
      <description>Push button switch, generic, two pins</description>
      <fields>
        <field name="Reference">SW</field>
        <field name="Value">SW_Push</field>
      </fields>
      <pins>
        <pin num="1" name="1" type="passive"/>
        <pin num="2" name="2" type="passive"/>
      </pins>
    </libpart>
  </libparts>
  <libraries>
    <library logical="mcu-rescue">
      <uri>/home/daniel/OSIMPLC/Hardware/OSIMPLC_MCU_V2.0/mcu-rescue.lib</uri>
    </library>
    <library logical="switches">
      <uri>/home/daniel/kicad/library/switches.lib</uri>
    </library>
  </libraries>
  <nets>
    <net code="1" name="/X4">
      <node ref="U5" pin="17"/>
      <node ref="U3" pin="16"/>
      <node ref="R31" pin="2"/>
    </net>
    <net code="2" name="/X6">
      <node ref="U5" pin="19"/>
      <node ref="U3" pin="12"/>
      <node ref="R33" pin="2"/>
    </net>
    <net code="3" name="/X7">
      <node ref="R34" pin="2"/>
      <node ref="U5" pin="20"/>
      <node ref="U3" pin="9"/>
    </net>
    <net code="4" name="VDD">
      <node ref="C11" pin="1"/>
      <node ref="D59" pin="2"/>
      <node ref="U3" pin="14"/>
      <node ref="U3" pin="15"/>
      <node ref="U3" pin="11"/>
      <node ref="U3" pin="10"/>
      <node ref="C12" pin="1"/>
      <node ref="U10" pin="2"/>
      <node ref="R66" pin="1"/>
      <node ref="R63" pin="1"/>
      <node ref="J14" pin="1"/>
      <node ref="J11" pin="3"/>
      <node ref="J11" pin="4"/>
      <node ref="J12" pin="13"/>
      <node ref="J12" pin="14"/>
      <node ref="J19" pin="5"/>
      <node ref="U2" pin="15"/>
      <node ref="D25" pin="2"/>
      <node ref="U4" pin="10"/>
      <node ref="U4" pin="11"/>
      <node ref="U4" pin="14"/>
      <node ref="U4" pin="15"/>
      <node ref="U2" pin="10"/>
      <node ref="U2" pin="11"/>
      <node ref="U2" pin="14"/>
      <node ref="U5" pin="32"/>
      <node ref="U5" pin="11"/>
      <node ref="C7" pin="1"/>
    </net>
    <net code="5" name="Net-(J2-Pad1)">
      <node ref="U3" pin="7"/>
      <node ref="U3" pin="6"/>
      <node ref="U3" pin="3"/>
      <node ref="U3" pin="2"/>
      <node ref="J2" pin="1"/>
    </net>
    <net code="6" name="Net-(D8-Pad2)">
      <node ref="D8" pin="2"/>
      <node ref="J2" pin="5"/>
    </net>
    <net code="7" name="Net-(D7-Pad2)">
      <node ref="D7" pin="2"/>
      <node ref="J2" pin="4"/>
    </net>
    <net code="8" name="Net-(D6-Pad2)">
      <node ref="D6" pin="2"/>
      <node ref="J2" pin="3"/>
    </net>
    <net code="9" name="Net-(D5-Pad2)">
      <node ref="D5" pin="2"/>
      <node ref="J2" pin="2"/>
    </net>
    <net code="10" name="Net-(D19-Pad1)">
      <node ref="U3" pin="5"/>
      <node ref="D19" pin="1"/>
    </net>
    <net code="11" name="Net-(D18-Pad1)">
      <node ref="D18" pin="1"/>
      <node ref="U3" pin="4"/>
    </net>
    <net code="12" name="Net-(D20-Pad1)">
      <node ref="U3" pin="8"/>
      <node ref="D20" pin="1"/>
    </net>
    <net code="13" name="Net-(D20-Pad2)">
      <node ref="D20" pin="2"/>
      <node ref="R14" pin="1"/>
    </net>
    <net code="14" name="Net-(D19-Pad2)">
      <node ref="R13" pin="1"/>
      <node ref="D19" pin="2"/>
    </net>
    <net code="15" name="Net-(D18-Pad2)">
      <node ref="D18" pin="2"/>
      <node ref="R12" pin="1"/>
    </net>
    <net code="16" name="Net-(D17-Pad1)">
      <node ref="D17" pin="1"/>
      <node ref="U3" pin="1"/>
    </net>
    <net code="17" name="Net-(D17-Pad2)">
      <node ref="D17" pin="2"/>
      <node ref="R11" pin="1"/>
    </net>
    <net code="18" name="/A1">
      <node ref="U5" pin="3"/>
      <node ref="R25" pin="1"/>
    </net>
    <net code="19" name="/A0">
      <node ref="R39" pin="1"/>
      <node ref="U5" pin="2"/>
    </net>
    <net code="20" name="/Y1">
      <node ref="R48" pin="2"/>
      <node ref="J13" pin="6"/>
    </net>
    <net code="21" name="/Y3">
      <node ref="R50" pin="2"/>
      <node ref="U5" pin="37"/>
    </net>
    <net code="22" name="Net-(D28-Pad1)">
      <node ref="D28" pin="1"/>
      <node ref="U6" pin="4"/>
    </net>
    <net code="23" name="Net-(J3-Pad1)">
      <node ref="U4" pin="2"/>
      <node ref="U4" pin="3"/>
      <node ref="U4" pin="6"/>
      <node ref="U4" pin="7"/>
      <node ref="J3" pin="1"/>
    </net>
    <net code="24" name="Net-(D12-Pad1)">
      <node ref="D12" pin="1"/>
      <node ref="R18" pin="2"/>
    </net>
    <net code="25" name="Net-(D23-Pad1)">
      <node ref="D23" pin="1"/>
      <node ref="U4" pin="5"/>
    </net>
    <net code="26" name="Net-(D22-Pad1)">
      <node ref="U4" pin="4"/>
      <node ref="D22" pin="1"/>
    </net>
    <net code="27" name="Net-(D24-Pad1)">
      <node ref="D24" pin="1"/>
      <node ref="U4" pin="8"/>
    </net>
    <net code="28" name="Net-(D24-Pad2)">
      <node ref="D24" pin="2"/>
      <node ref="R18" pin="1"/>
    </net>
    <net code="29" name="Net-(D23-Pad2)">
      <node ref="R17" pin="1"/>
      <node ref="D23" pin="2"/>
    </net>
    <net code="30" name="Net-(D22-Pad2)">
      <node ref="R16" pin="1"/>
      <node ref="D22" pin="2"/>
    </net>
    <net code="31" name="Net-(D21-Pad1)">
      <node ref="D21" pin="1"/>
      <node ref="U4" pin="1"/>
    </net>
    <net code="32" name="Net-(D21-Pad2)">
      <node ref="R15" pin="1"/>
      <node ref="D21" pin="2"/>
    </net>
    <net code="33" name="/X3">
      <node ref="U5" pin="15"/>
      <node ref="U2" pin="9"/>
      <node ref="R30" pin="2"/>
    </net>
    <net code="34" name="Net-(D43-Pad1)">
      <node ref="U6" pin="10"/>
      <node ref="D43" pin="1"/>
      <node ref="J15" pin="3"/>
      <node ref="J15" pin="4"/>
    </net>
    <net code="35" name="Net-(D43-Pad2)">
      <node ref="J15" pin="1"/>
      <node ref="D43" pin="2"/>
      <node ref="J15" pin="2"/>
      <node ref="U6" pin="9"/>
    </net>
    <net code="36" name="/X1">
      <node ref="U5" pin="5"/>
      <node ref="R28" pin="2"/>
      <node ref="U2" pin="13"/>
    </net>
    <net code="37" name="Net-(J14-Pad5)">
      <node ref="J14" pin="5"/>
      <node ref="U5" pin="26"/>
    </net>
    <net code="38" name="Net-(J7-Pad3)">
      <node ref="J7" pin="3"/>
      <node ref="R19" pin="2"/>
    </net>
    <net code="39" name="Net-(J7-Pad5)">
      <node ref="J7" pin="5"/>
      <node ref="R22" pin="2"/>
    </net>
    <net code="40" name="Net-(J14-Pad7)">
      <node ref="J14" pin="7"/>
      <node ref="U5" pin="25"/>
    </net>
    <net code="41" name="Net-(D40-Pad2)">
      <node ref="U6" pin="16"/>
      <node ref="J15" pin="16"/>
      <node ref="J15" pin="15"/>
      <node ref="D40" pin="2"/>
    </net>
    <net code="42" name="Net-(D40-Pad1)">
      <node ref="J15" pin="14"/>
      <node ref="U6" pin="15"/>
      <node ref="J15" pin="13"/>
      <node ref="D40" pin="1"/>
    </net>
    <net code="43" name="Net-(D41-Pad1)">
      <node ref="J15" pin="12"/>
      <node ref="D41" pin="1"/>
      <node ref="J15" pin="11"/>
      <node ref="U6" pin="14"/>
    </net>
    <net code="44" name="Net-(D42-Pad2)">
      <node ref="D42" pin="2"/>
      <node ref="J15" pin="7"/>
      <node ref="U6" pin="12"/>
      <node ref="J15" pin="8"/>
    </net>
    <net code="45" name="Net-(D42-Pad1)">
      <node ref="U6" pin="11"/>
      <node ref="J15" pin="6"/>
      <node ref="J15" pin="5"/>
      <node ref="D42" pin="1"/>
    </net>
    <net code="46" name="/X2">
      <node ref="U5" pin="6"/>
      <node ref="U2" pin="12"/>
      <node ref="R29" pin="2"/>
    </net>
    <net code="47" name="/X5">
      <node ref="R32" pin="2"/>
      <node ref="U5" pin="18"/>
      <node ref="U3" pin="13"/>
    </net>
    <net code="48" name="Net-(D15-Pad1)">
      <node ref="D15" pin="1"/>
      <node ref="U2" pin="5"/>
    </net>
    <net code="49" name="Net-(J1-Pad1)">
      <node ref="U2" pin="6"/>
      <node ref="J1" pin="1"/>
      <node ref="U2" pin="7"/>
      <node ref="U2" pin="3"/>
      <node ref="U2" pin="2"/>
    </net>
    <net code="50" name="Net-(D14-Pad1)">
      <node ref="U2" pin="4"/>
      <node ref="D14" pin="1"/>
    </net>
    <net code="51" name="Net-(D16-Pad1)">
      <node ref="D16" pin="1"/>
      <node ref="U2" pin="8"/>
    </net>
    <net code="52" name="Net-(D16-Pad2)">
      <node ref="D16" pin="2"/>
      <node ref="R10" pin="1"/>
    </net>
    <net code="53" name="Net-(D15-Pad2)">
      <node ref="R9" pin="1"/>
      <node ref="D15" pin="2"/>
    </net>
    <net code="54" name="Net-(D14-Pad2)">
      <node ref="R8" pin="1"/>
      <node ref="D14" pin="2"/>
    </net>
    <net code="55" name="Net-(D13-Pad1)">
      <node ref="U2" pin="1"/>
      <node ref="D13" pin="1"/>
    </net>
    <net code="56" name="Net-(D13-Pad2)">
      <node ref="D13" pin="2"/>
      <node ref="R7" pin="1"/>
    </net>
    <net code="57" name="/X0">
      <node ref="R27" pin="2"/>
      <node ref="U5" pin="4"/>
      <node ref="U2" pin="16"/>
    </net>
    <net code="58" name="Net-(D51-Pad2)">
      <node ref="J20" pin="4"/>
      <node ref="D51" pin="2"/>
      <node ref="U8" pin="9"/>
    </net>
    <net code="59" name="Net-(D48-Pad2)">
      <node ref="D48" pin="2"/>
      <node ref="J17" pin="16"/>
      <node ref="J17" pin="15"/>
      <node ref="U8" pin="16"/>
    </net>
    <net code="60" name="Net-(D48-Pad1)">
      <node ref="D48" pin="1"/>
      <node ref="J17" pin="14"/>
      <node ref="J17" pin="13"/>
      <node ref="U8" pin="15"/>
    </net>
    <net code="61" name="Net-(D49-Pad1)">
      <node ref="J17" pin="12"/>
      <node ref="D49" pin="1"/>
      <node ref="J17" pin="11"/>
      <node ref="U8" pin="14"/>
    </net>
    <net code="62" name="Net-(D50-Pad1)">
      <node ref="U8" pin="11"/>
      <node ref="D50" pin="1"/>
      <node ref="J17" pin="6"/>
      <node ref="J17" pin="5"/>
    </net>
    <net code="63" name="Net-(D37-Pad1)">
      <node ref="D37" pin="1"/>
      <node ref="U8" pin="5"/>
    </net>
    <net code="64" name="Net-(D44-Pad2)">
      <node ref="J16" pin="15"/>
      <node ref="D44" pin="2"/>
      <node ref="U7" pin="16"/>
      <node ref="J16" pin="16"/>
    </net>
    <net code="65" name="Net-(D35-Pad2)">
      <node ref="R55" pin="1"/>
      <node ref="D35" pin="2"/>
    </net>
    <net code="66" name="Net-(D36-Pad2)">
      <node ref="R56" pin="1"/>
      <node ref="D36" pin="2"/>
    </net>
    <net code="67" name="Net-(D37-Pad2)">
      <node ref="R57" pin="1"/>
      <node ref="D37" pin="2"/>
    </net>
    <net code="68" name="Net-(D38-Pad2)">
      <node ref="D38" pin="2"/>
      <node ref="R58" pin="1"/>
    </net>
    <net code="69" name="Net-(D35-Pad1)">
      <node ref="D35" pin="1"/>
      <node ref="U8" pin="1"/>
    </net>
    <net code="70" name="Net-(D36-Pad1)">
      <node ref="D36" pin="1"/>
      <node ref="U8" pin="4"/>
    </net>
    <net code="71" name="Net-(D38-Pad1)">
      <node ref="D38" pin="1"/>
      <node ref="U8" pin="8"/>
    </net>
    <net code="72" name="/Y2">
      <node ref="R49" pin="2"/>
      <node ref="U5" pin="38"/>
    </net>
    <net code="73" name="/Y8">
      <node ref="U5" pin="30"/>
      <node ref="R55" pin="2"/>
    </net>
    <net code="74" name="/Y9">
      <node ref="U5" pin="29"/>
      <node ref="R56" pin="2"/>
    </net>
    <net code="75" name="/YA">
      <node ref="U5" pin="28"/>
      <node ref="R57" pin="2"/>
    </net>
    <net code="76" name="Net-(J14-Pad6)">
      <node ref="U11" pin="1"/>
      <node ref="J14" pin="6"/>
    </net>
    <net code="77" name="Net-(J14-Pad8)">
      <node ref="J14" pin="8"/>
      <node ref="R60" pin="2"/>
      <node ref="U11" pin="4"/>
    </net>
    <net code="78" name="Net-(D56-Pad1)">
      <node ref="J18" pin="2"/>
      <node ref="D57" pin="2"/>
      <node ref="D56" pin="1"/>
      <node ref="R65" pin="1"/>
      <node ref="U11" pin="6"/>
    </net>
    <net code="79" name="Net-(J17-Pad3)">
      <node ref="J20" pin="7"/>
      <node ref="J17" pin="3"/>
      <node ref="J17" pin="4"/>
      <node ref="J20" pin="1"/>
    </net>
    <net code="80" name="Net-(D50-Pad2)">
      <node ref="D50" pin="2"/>
      <node ref="J17" pin="8"/>
      <node ref="J17" pin="7"/>
      <node ref="U8" pin="12"/>
    </net>
    <net code="81" name="Net-(D49-Pad2)">
      <node ref="D49" pin="2"/>
      <node ref="U8" pin="13"/>
      <node ref="J17" pin="9"/>
      <node ref="J17" pin="10"/>
    </net>
    <net code="82" name="Net-(D34-Pad2)">
      <node ref="D34" pin="2"/>
      <node ref="R54" pin="1"/>
    </net>
    <net code="83" name="Net-(D31-Pad1)">
      <node ref="D31" pin="1"/>
      <node ref="U7" pin="1"/>
    </net>
    <net code="84" name="Net-(D32-Pad1)">
      <node ref="U7" pin="4"/>
      <node ref="D32" pin="1"/>
    </net>
    <net code="85" name="Net-(D33-Pad1)">
      <node ref="U7" pin="5"/>
      <node ref="D33" pin="1"/>
    </net>
    <net code="86" name="Net-(D34-Pad1)">
      <node ref="U7" pin="8"/>
      <node ref="D34" pin="1"/>
    </net>
    <net code="87" name="Net-(D33-Pad2)">
      <node ref="D33" pin="2"/>
      <node ref="R53" pin="1"/>
    </net>
    <net code="88" name="Net-(D41-Pad2)">
      <node ref="J15" pin="9"/>
      <node ref="J15" pin="10"/>
      <node ref="U6" pin="13"/>
      <node ref="D41" pin="2"/>
    </net>
    <net code="89" name="Net-(C13-Pad1)">
      <node ref="J14" pin="2"/>
      <node ref="U11" pin="8"/>
      <node ref="R60" pin="1"/>
      <node ref="J18" pin="4"/>
      <node ref="R64" pin="1"/>
      <node ref="C13" pin="1"/>
      <node ref="C14" pin="1"/>
    </net>
    <net code="90" name="Net-(D31-Pad2)">
      <node ref="D31" pin="2"/>
      <node ref="R51" pin="1"/>
    </net>
    <net code="91" name="Net-(D32-Pad2)">
      <node ref="R52" pin="1"/>
      <node ref="D32" pin="2"/>
    </net>
    <net code="92" name="Net-(D46-Pad2)">
      <node ref="J16" pin="7"/>
      <node ref="J16" pin="8"/>
      <node ref="D46" pin="2"/>
      <node ref="U7" pin="12"/>
    </net>
    <net code="93" name="Net-(D45-Pad2)">
      <node ref="D45" pin="2"/>
      <node ref="J16" pin="9"/>
      <node ref="J16" pin="10"/>
      <node ref="U7" pin="13"/>
    </net>
    <net code="94" name="Net-(D45-Pad1)">
      <node ref="J16" pin="11"/>
      <node ref="J16" pin="12"/>
      <node ref="U7" pin="14"/>
      <node ref="D45" pin="1"/>
    </net>
    <net code="95" name="Net-(D46-Pad1)">
      <node ref="J16" pin="5"/>
      <node ref="J16" pin="6"/>
      <node ref="U7" pin="11"/>
      <node ref="D46" pin="1"/>
    </net>
    <net code="96" name="Net-(D44-Pad1)">
      <node ref="U7" pin="15"/>
      <node ref="J16" pin="14"/>
      <node ref="J16" pin="13"/>
      <node ref="D44" pin="1"/>
    </net>
    <net code="97" name="Net-(D47-Pad1)">
      <node ref="J16" pin="3"/>
      <node ref="D47" pin="1"/>
      <node ref="J16" pin="4"/>
      <node ref="U7" pin="10"/>
    </net>
    <net code="98" name="Net-(D47-Pad2)">
      <node ref="U7" pin="9"/>
      <node ref="D47" pin="2"/>
      <node ref="J16" pin="1"/>
      <node ref="J16" pin="2"/>
    </net>
    <net code="99" name="/Y4">
      <node ref="U5" pin="36"/>
      <node ref="R51" pin="2"/>
    </net>
    <net code="100" name="/Y5">
      <node ref="U5" pin="35"/>
      <node ref="R52" pin="2"/>
    </net>
    <net code="101" name="/Y6">
      <node ref="R53" pin="2"/>
      <node ref="U5" pin="34"/>
    </net>
    <net code="102" name="/Y7">
      <node ref="R54" pin="2"/>
      <node ref="U5" pin="33"/>
    </net>
    <net code="103" name="Net-(D55-Pad1)">
      <node ref="D55" pin="1"/>
      <node ref="R64" pin="2"/>
      <node ref="D58" pin="2"/>
      <node ref="J18" pin="3"/>
      <node ref="U11" pin="7"/>
    </net>
    <net code="104" name="Net-(D25-Pad1)">
      <node ref="R46" pin="2"/>
      <node ref="D25" pin="1"/>
    </net>
    <net code="105" name="Net-(C6-Pad2)">
      <node ref="C6" pin="2"/>
      <node ref="R68" pin="2"/>
      <node ref="R46" pin="1"/>
      <node ref="R45" pin="2"/>
    </net>
    <net code="106" name="GND">
      <node ref="J13" pin="7"/>
      <node ref="J20" pin="8"/>
      <node ref="J9" pin="4"/>
      <node ref="U8" pin="2"/>
      <node ref="J9" pin="2"/>
      <node ref="U8" pin="3"/>
      <node ref="J13" pin="8"/>
      <node ref="U1" pin="11"/>
      <node ref="U7" pin="2"/>
      <node ref="C3" pin="2"/>
      <node ref="U1" pin="11"/>
      <node ref="R59" pin="2"/>
      <node ref="U6" pin="3"/>
      <node ref="J19" pin="3"/>
      <node ref="J12" pin="15"/>
      <node ref="J11" pin="16"/>
      <node ref="J11" pin="2"/>
      <node ref="U6" pin="2"/>
      <node ref="J12" pin="2"/>
      <node ref="J12" pin="16"/>
      <node ref="U7" pin="6"/>
      <node ref="U6" pin="7"/>
      <node ref="U6" pin="6"/>
      <node ref="U1" pin="11"/>
      <node ref="J4" pin="1"/>
      <node ref="R42" pin="2"/>
      <node ref="R40" pin="2"/>
      <node ref="R30" pin="1"/>
      <node ref="U7" pin="3"/>
      <node ref="C1" pin="2"/>
      <node ref="C10" pin="2"/>
      <node ref="C8" pin="2"/>
      <node ref="U5" pin="31"/>
      <node ref="R6" pin="2"/>
      <node ref="C9" pin="2"/>
      <node ref="D54" pin="1"/>
      <node ref="D53" pin="1"/>
      <node ref="U1" pin="11"/>
      <node ref="U5" pin="12"/>
      <node ref="R29" pin="1"/>
      <node ref="C5" pin="2"/>
      <node ref="C2" pin="2"/>
      <node ref="J5" pin="1"/>
      <node ref="C7" pin="2"/>
      <node ref="J11" pin="15"/>
      <node ref="SW1" pin="1"/>
      <node ref="J7" pin="2"/>
      <node ref="J14" pin="9"/>
      <node ref="J9" pin="6"/>
      <node ref="C6" pin="1"/>
      <node ref="U8" pin="7"/>
      <node ref="U8" pin="6"/>
      <node ref="C4" pin="2"/>
      <node ref="J12" pin="1"/>
      <node ref="J7" pin="6"/>
      <node ref="J7" pin="4"/>
      <node ref="J19" pin="1"/>
      <node ref="J11" pin="1"/>
      <node ref="C11" pin="2"/>
      <node ref="C12" pin="2"/>
      <node ref="RV1" pin="2"/>
      <node ref="RV1" pin="3"/>
      <node ref="U7" pin="7"/>
      <node ref="D39" pin="1"/>
      <node ref="R35" pin="1"/>
      <node ref="R36" pin="1"/>
      <node ref="R37" pin="1"/>
      <node ref="R38" pin="1"/>
      <node ref="R28" pin="1"/>
      <node ref="R27" pin="1"/>
      <node ref="R31" pin="1"/>
      <node ref="R32" pin="1"/>
      <node ref="R33" pin="1"/>
      <node ref="R34" pin="1"/>
    </net>
    <net code="107" name="/MAIN">
      <node ref="D59" pin="1"/>
      <node ref="C8" pin="1"/>
      <node ref="D26" pin="1"/>
      <node ref="U9" pin="3"/>
      <node ref="C9" pin="1"/>
      <node ref="R62" pin="1"/>
      <node ref="U10" pin="3"/>
    </net>
    <net code="108" name="Net-(F1-Pad2)">
      <node ref="F1" pin="2"/>
      <node ref="J19" pin="2"/>
    </net>
    <net code="109" name="Net-(C4-Pad1)">
      <node ref="Y1" pin="2"/>
      <node ref="C4" pin="1"/>
      <node ref="U5" pin="13"/>
    </net>
    <net code="110" name="Net-(R26-Pad1)">
      <node ref="U1" pin="14"/>
      <node ref="R26" pin="1"/>
      <node ref="R39" pin="2"/>
    </net>
    <net code="111" name="Net-(J10-Pad3)">
      <node ref="U1" pin="6"/>
      <node ref="R40" pin="1"/>
      <node ref="J10" pin="3"/>
    </net>
    <net code="112" name="Net-(R41-Pad2)">
      <node ref="R42" pin="1"/>
      <node ref="R41" pin="2"/>
      <node ref="U1" pin="3"/>
    </net>
    <net code="113" name="Net-(D39-Pad2)">
      <node ref="U9" pin="2"/>
      <node ref="D39" pin="2"/>
    </net>
    <net code="114" name="Net-(R45-Pad1)">
      <node ref="R45" pin="1"/>
      <node ref="SW1" pin="2"/>
    </net>
    <net code="115" name="Net-(R43-Pad2)">
      <node ref="U1" pin="2"/>
      <node ref="R44" pin="2"/>
      <node ref="R43" pin="2"/>
    </net>
    <net code="116" name="Net-(R24-Pad1)">
      <node ref="R25" pin="2"/>
      <node ref="U1" pin="8"/>
      <node ref="R24" pin="1"/>
    </net>
    <net code="117" name="Net-(C2-Pad1)">
      <node ref="R3" pin="1"/>
      <node ref="C2" pin="1"/>
      <node ref="R20" pin="2"/>
      <node ref="J5" pin="2"/>
      <node ref="J8" pin="2"/>
    </net>
    <net code="118" name="Net-(R23-Pad1)">
      <node ref="R23" pin="1"/>
      <node ref="R26" pin="2"/>
      <node ref="U1" pin="13"/>
    </net>
    <net code="119" name="Net-(R3-Pad2)">
      <node ref="R3" pin="2"/>
      <node ref="R4" pin="1"/>
    </net>
    <net code="120" name="Net-(J8-Pad3)">
      <node ref="R20" pin="1"/>
      <node ref="J8" pin="3"/>
      <node ref="R21" pin="1"/>
      <node ref="U1" pin="12"/>
    </net>
    <net code="121" name="Net-(J9-Pad1)">
      <node ref="J9" pin="1"/>
      <node ref="R4" pin="2"/>
    </net>
    <net code="122" name="Net-(J9-Pad3)">
      <node ref="R21" pin="2"/>
      <node ref="J9" pin="3"/>
    </net>
    <net code="123" name="Net-(J9-Pad5)">
      <node ref="J9" pin="5"/>
      <node ref="R23" pin="2"/>
    </net>
    <net code="124" name="Net-(C5-Pad1)">
      <node ref="U5" pin="14"/>
      <node ref="C5" pin="1"/>
      <node ref="Y1" pin="1"/>
    </net>
    <net code="125" name="/PT100_amp">
      <node ref="U1" pin="1"/>
      <node ref="J6" pin="1"/>
      <node ref="R44" pin="1"/>
    </net>
    <net code="126" name="Net-(R22-Pad1)">
      <node ref="R24" pin="2"/>
      <node ref="U1" pin="9"/>
      <node ref="R22" pin="1"/>
    </net>
    <net code="127" name="Net-(R1-Pad2)">
      <node ref="R2" pin="1"/>
      <node ref="R1" pin="2"/>
    </net>
    <net code="128" name="Net-(C1-Pad1)">
      <node ref="J4" pin="2"/>
      <node ref="J6" pin="2"/>
      <node ref="R1" pin="1"/>
      <node ref="C1" pin="1"/>
      <node ref="R5" pin="2"/>
    </net>
    <net code="129" name="Net-(J6-Pad3)">
      <node ref="U1" pin="10"/>
      <node ref="R19" pin="1"/>
      <node ref="R5" pin="1"/>
      <node ref="J6" pin="3"/>
    </net>
    <net code="130" name="Net-(J10-Pad4)">
      <node ref="U1" pin="7"/>
      <node ref="J10" pin="4"/>
    </net>
    <net code="131" name="Net-(R67-Pad1)">
      <node ref="RV1" pin="1"/>
      <node ref="R67" pin="1"/>
    </net>
    <net code="132" name="Net-(R66-Pad2)">
      <node ref="R67" pin="2"/>
      <node ref="U10" pin="1"/>
      <node ref="R66" pin="2"/>
    </net>
    <net code="133" name="Net-(J13-Pad3)">
      <node ref="U5" pin="40"/>
      <node ref="J13" pin="3"/>
    </net>
    <net code="134" name="Net-(J13-Pad5)">
      <node ref="U5" pin="39"/>
      <node ref="J13" pin="5"/>
    </net>
    <net code="135" name="Net-(D27-Pad1)">
      <node ref="U6" pin="1"/>
      <node ref="D27" pin="1"/>
    </net>
    <net code="136" name="Net-(D26-Pad2)">
      <node ref="F1" pin="1"/>
      <node ref="D26" pin="2"/>
    </net>
    <net code="137" name="Net-(D27-Pad2)">
      <node ref="R47" pin="1"/>
      <node ref="D27" pin="2"/>
    </net>
    <net code="138" name="Net-(D28-Pad2)">
      <node ref="R48" pin="1"/>
      <node ref="D28" pin="2"/>
    </net>
    <net code="139" name="Net-(D29-Pad2)">
      <node ref="D29" pin="2"/>
      <node ref="R49" pin="1"/>
    </net>
    <net code="140" name="Net-(D30-Pad2)">
      <node ref="R50" pin="1"/>
      <node ref="D30" pin="2"/>
    </net>
    <net code="141" name="Net-(D29-Pad1)">
      <node ref="U6" pin="5"/>
      <node ref="D29" pin="1"/>
    </net>
    <net code="142" name="Net-(D30-Pad1)">
      <node ref="D30" pin="1"/>
      <node ref="U6" pin="8"/>
    </net>
    <net code="143" name="Net-(D5-Pad1)">
      <node ref="R11" pin="2"/>
      <node ref="D5" pin="1"/>
    </net>
    <net code="144" name="Net-(D6-Pad1)">
      <node ref="D6" pin="1"/>
      <node ref="R12" pin="2"/>
    </net>
    <net code="145" name="Net-(D7-Pad1)">
      <node ref="D7" pin="1"/>
      <node ref="R13" pin="2"/>
    </net>
    <net code="146" name="Net-(D12-Pad2)">
      <node ref="J3" pin="5"/>
      <node ref="D12" pin="2"/>
    </net>
    <net code="147" name="Net-(D8-Pad1)">
      <node ref="R14" pin="2"/>
      <node ref="D8" pin="1"/>
    </net>
    <net code="148" name="Net-(D1-Pad2)">
      <node ref="D1" pin="2"/>
      <node ref="J1" pin="2"/>
    </net>
    <net code="149" name="Net-(D1-Pad1)">
      <node ref="D1" pin="1"/>
      <node ref="R7" pin="2"/>
    </net>
    <net code="150" name="Net-(D2-Pad2)">
      <node ref="D2" pin="2"/>
      <node ref="J1" pin="3"/>
    </net>
    <net code="151" name="Net-(D2-Pad1)">
      <node ref="R8" pin="2"/>
      <node ref="D2" pin="1"/>
    </net>
    <net code="152" name="Net-(D3-Pad2)">
      <node ref="J1" pin="4"/>
      <node ref="D3" pin="2"/>
    </net>
    <net code="153" name="Net-(D3-Pad1)">
      <node ref="R9" pin="2"/>
      <node ref="D3" pin="1"/>
    </net>
    <net code="154" name="Net-(D4-Pad2)">
      <node ref="J1" pin="5"/>
      <node ref="D4" pin="2"/>
    </net>
    <net code="155" name="Net-(D4-Pad1)">
      <node ref="D4" pin="1"/>
      <node ref="R10" pin="2"/>
    </net>
    <net code="156" name="Net-(D9-Pad2)">
      <node ref="J3" pin="2"/>
      <node ref="D9" pin="2"/>
    </net>
    <net code="157" name="Net-(D9-Pad1)">
      <node ref="R15" pin="2"/>
      <node ref="D9" pin="1"/>
    </net>
    <net code="158" name="Net-(D10-Pad2)">
      <node ref="J3" pin="3"/>
      <node ref="D10" pin="2"/>
    </net>
    <net code="159" name="Net-(D10-Pad1)">
      <node ref="R16" pin="2"/>
      <node ref="D10" pin="1"/>
    </net>
    <net code="160" name="Net-(D11-Pad1)">
      <node ref="D11" pin="1"/>
      <node ref="R17" pin="2"/>
    </net>
    <net code="161" name="Net-(D11-Pad2)">
      <node ref="J3" pin="4"/>
      <node ref="D11" pin="2"/>
    </net>
    <net code="162" name="/X8">
      <node ref="R35" pin="2"/>
      <node ref="U4" pin="16"/>
      <node ref="U5" pin="24"/>
    </net>
    <net code="163" name="/X9">
      <node ref="U4" pin="13"/>
      <node ref="U5" pin="23"/>
      <node ref="R36" pin="2"/>
    </net>
    <net code="164" name="/XA">
      <node ref="U4" pin="12"/>
      <node ref="R37" pin="2"/>
      <node ref="U5" pin="22"/>
    </net>
    <net code="165" name="/XB">
      <node ref="U5" pin="21"/>
      <node ref="U4" pin="9"/>
      <node ref="R38" pin="2"/>
    </net>
    <net code="166" name="/YB">
      <node ref="J20" pin="6"/>
      <node ref="U5" pin="16"/>
      <node ref="R58" pin="2"/>
    </net>
    <net code="167" name="Net-(J10-Pad1)">
      <node ref="J10" pin="1"/>
      <node ref="R43" pin="1"/>
    </net>
    <net code="168" name="Net-(J10-Pad2)">
      <node ref="R41" pin="1"/>
      <node ref="J10" pin="2"/>
    </net>
    <net code="169" name="Net-(D54-Pad3)">
      <node ref="D54" pin="3"/>
    </net>
    <net code="170" name="Net-(D57-Pad1)">
      <node ref="D57" pin="1"/>
      <node ref="D58" pin="1"/>
    </net>
    <net code="171" name="Net-(D53-Pad2)">
      <node ref="D53" pin="2"/>
      <node ref="R62" pin="2"/>
    </net>
    <net code="172" name="Net-(J13-Pad1)">
      <node ref="R68" pin="1"/>
      <node ref="U5" pin="1"/>
      <node ref="J13" pin="1"/>
      <node ref="J13" pin="2"/>
    </net>
    <net code="173" name="/2.5V">
      <node ref="D54" pin="2"/>
      <node ref="J19" pin="4"/>
      <node ref="R63" pin="2"/>
    </net>
    <net code="174" name="Net-(J11-Pad5)">
      <node ref="J11" pin="6"/>
      <node ref="J12" pin="11"/>
      <node ref="U5" pin="7"/>
      <node ref="J12" pin="12"/>
      <node ref="J11" pin="5"/>
    </net>
    <net code="175" name="Net-(J11-Pad7)">
      <node ref="U5" pin="8"/>
      <node ref="J12" pin="9"/>
      <node ref="J12" pin="10"/>
      <node ref="J11" pin="7"/>
      <node ref="J11" pin="8"/>
    </net>
    <net code="176" name="Net-(J11-Pad10)">
      <node ref="U5" pin="9"/>
      <node ref="J11" pin="10"/>
      <node ref="J12" pin="8"/>
      <node ref="J11" pin="9"/>
      <node ref="J12" pin="7"/>
    </net>
    <net code="177" name="Net-(J11-Pad11)">
      <node ref="J11" pin="11"/>
      <node ref="J11" pin="12"/>
      <node ref="U5" pin="10"/>
      <node ref="J12" pin="6"/>
      <node ref="J12" pin="5"/>
    </net>
    <net code="178" name="/Y0">
      <node ref="J13" pin="4"/>
      <node ref="R47" pin="2"/>
    </net>
    <net code="179" name="Net-(J7-Pad1)">
      <node ref="R2" pin="2"/>
      <node ref="J7" pin="1"/>
    </net>
    <net code="180" name="Net-(J8-Pad1)">
      <node ref="J8" pin="1"/>
      <node ref="R6" pin="1"/>
    </net>
    <net code="181" name="VAA">
      <node ref="J12" pin="4"/>
      <node ref="J11" pin="13"/>
      <node ref="J11" pin="14"/>
      <node ref="J12" pin="3"/>
      <node ref="C3" pin="1"/>
      <node ref="U1" pin="4"/>
      <node ref="U1" pin="4"/>
      <node ref="U1" pin="4"/>
      <node ref="U1" pin="5"/>
      <node ref="C10" pin="1"/>
      <node ref="U9" pin="1"/>
      <node ref="U1" pin="4"/>
    </net>
    <net code="182" name="Net-(D52-Pad2)">
      <node ref="R61" pin="2"/>
      <node ref="D52" pin="2"/>
    </net>
    <net code="183" name="Net-(J14-Pad4)">
      <node ref="U11" pin="2"/>
      <node ref="U11" pin="3"/>
      <node ref="J14" pin="4"/>
      <node ref="R61" pin="1"/>
    </net>
    <net code="184" name="Net-(C13-Pad2)">
      <node ref="D55" pin="2"/>
      <node ref="J14" pin="10"/>
      <node ref="D52" pin="1"/>
      <node ref="J18" pin="1"/>
      <node ref="C13" pin="2"/>
      <node ref="C14" pin="2"/>
      <node ref="R65" pin="2"/>
      <node ref="U11" pin="5"/>
      <node ref="D56" pin="2"/>
    </net>
    <net code="185" name="Net-(J14-Pad3)">
      <node ref="R59" pin="1"/>
      <node ref="U5" pin="27"/>
      <node ref="J14" pin="3"/>
    </net>
    <net code="186" name="Net-(J17-Pad1)">
      <node ref="J17" pin="2"/>
      <node ref="J17" pin="1"/>
      <node ref="J20" pin="3"/>
      <node ref="J20" pin="5"/>
    </net>
    <net code="187" name="Net-(D51-Pad1)">
      <node ref="D51" pin="1"/>
      <node ref="U8" pin="10"/>
      <node ref="J20" pin="2"/>
    </net>
  </nets>
</export>
