Reference, Quantity, Value, Footprint, Datasheet
C1 C2 C3 C4 ,4,"0.1uF_50V","Capacitors_THT:C_Disc_D5.0mm_W2.5mm_P5.00mm",""
J1 ,1,"Pin_Straight_02x08","Pin_Headers:Pin_Header_Straight_2x08_Pitch2.54mm",""
J2 J4 ,2,"Screw_Terminal_01x04","TerminalBlock_Phoenix:TerminalBlock_Phoenix_MKDS1.5-4pol",""
J3 J5 ,2,"Pin_Straight_01x02","Pin_Headers:Pin_Header_Straight_1x02_Pitch2.54mm",""
J6 ,1,"Screw_Terminal_01x03","TerminalBlock_Phoenix:TerminalBlock_Phoenix_MKDS1.5-3pol",""
R1 R8 ,2,"6K8_1%","Resistors_THT:R_Axial_DIN0207_L6.3mm_D2.5mm_P2.54mm_Vertical",""
R18 R23 ,2,"10K_1%","Resistors_THT:R_Axial_DIN0207_L6.3mm_D2.5mm_P2.54mm_Vertical",""
R10 R15 R17 R19 R2 R20 R22 R24 R3 R9 ,10,"47K_1%","Resistors_THT:R_Axial_DIN0207_L6.3mm_D2.5mm_P2.54mm_Vertical",""
R11 R16 R21 R4 ,4,"100E_1%","Resistors_THT:R_Axial_DIN0207_L6.3mm_D2.5mm_P2.54mm_Vertical",""
R12 R13 R14 R5 R6 R7 ,6,"470K_1%","Resistors_THT:R_Axial_DIN0207_L6.3mm_D2.5mm_P2.54mm_Vertical",""
U1 ,1,"LM324","Housings_DIP:DIP-14_W7.62mm_LongPads",""
U2 ,1,"LM358","Housings_DIP:DIP-8_W7.62mm_LongPads",""