<?xml version="1.0" encoding="UTF-8"?>
<export version="D">
  <design>
    <source>/home/daniel/OSIMPLC/Hardware/OSIMPLC_Lengues_V2.0/e4ti/e4ti.sch</source>
    <date>lun 05 nov 2018 09:05:01 -03</date>
    <tool>Eeschema 5.0.1</tool>
    <sheet number="1" name="/" tstamps="/">
      <title_block>
        <title>OSIMPLC_Lengue-4TI</title>
        <company>by Daniel H. Mirkin</company>
        <rev>2.0</rev>
        <date>2018-02-08</date>
        <source>e4ti.sch</source>
        <comment number="1" value="Programmable Logic Controller (PIC based)"/>
        <comment number="2" value="Open Simple Industrial Modular"/>
        <comment number="3" value="2 NTC 10K Inputs"/>
        <comment number="4" value="2 PT100 Inputs"/>
      </title_block>
    </sheet>
  </design>
  <components>
    <comp ref="J1">
      <value>Pin_Straight_02x08</value>
      <footprint>Pin_Headers:Pin_Header_Straight_2x08_Pitch2.54mm</footprint>
      <libsource lib="e4ti-rescue" part="Conn_02x08_Odd_Even" description=""/>
      <sheetpath names="/" tstamps="/"/>
      <tstamp>5A5E2708</tstamp>
    </comp>
    <comp ref="U1">
      <value>LM324</value>
      <footprint>Housings_DIP:DIP-14_W7.62mm_LongPads</footprint>
      <libsource lib="e4ti-rescue" part="LM324" description=""/>
      <sheetpath names="/" tstamps="/"/>
      <tstamp>5A7B2836</tstamp>
    </comp>
    <comp ref="R1">
      <value>6K8_1%</value>
      <footprint>Resistors_THT:R_Axial_DIN0207_L6.3mm_D2.5mm_P2.54mm_Vertical</footprint>
      <libsource lib="e4ti-rescue" part="R" description=""/>
      <sheetpath names="/" tstamps="/"/>
      <tstamp>5A7B283B</tstamp>
    </comp>
    <comp ref="J2">
      <value>Screw_Terminal_01x04</value>
      <footprint>TerminalBlock_Phoenix:TerminalBlock_Phoenix_MKDS1.5-4pol</footprint>
      <libsource lib="e4ti-rescue" part="Screw_Terminal_1x04" description=""/>
      <sheetpath names="/" tstamps="/"/>
      <tstamp>5A7B283C</tstamp>
    </comp>
    <comp ref="R2">
      <value>47K_1%</value>
      <footprint>Resistors_THT:R_Axial_DIN0207_L6.3mm_D2.5mm_P2.54mm_Vertical</footprint>
      <libsource lib="e4ti-rescue" part="R" description=""/>
      <sheetpath names="/" tstamps="/"/>
      <tstamp>5A7B283E</tstamp>
    </comp>
    <comp ref="R7">
      <value>470K_1%</value>
      <footprint>Resistors_THT:R_Axial_DIN0207_L6.3mm_D2.5mm_P2.54mm_Vertical</footprint>
      <libsource lib="e4ti-rescue" part="R" description=""/>
      <sheetpath names="/" tstamps="/"/>
      <tstamp>5A7B283F</tstamp>
    </comp>
    <comp ref="R3">
      <value>47K_1%</value>
      <footprint>Resistors_THT:R_Axial_DIN0207_L6.3mm_D2.5mm_P2.54mm_Vertical</footprint>
      <libsource lib="e4ti-rescue" part="R" description=""/>
      <sheetpath names="/" tstamps="/"/>
      <tstamp>5A7B2840</tstamp>
    </comp>
    <comp ref="R6">
      <value>470K_1%</value>
      <footprint>Resistors_THT:R_Axial_DIN0207_L6.3mm_D2.5mm_P2.54mm_Vertical</footprint>
      <libsource lib="e4ti-rescue" part="R" description=""/>
      <sheetpath names="/" tstamps="/"/>
      <tstamp>5A7B2841</tstamp>
    </comp>
    <comp ref="R4">
      <value>100E_1%</value>
      <footprint>Resistors_THT:R_Axial_DIN0207_L6.3mm_D2.5mm_P2.54mm_Vertical</footprint>
      <libsource lib="e4ti-rescue" part="R" description=""/>
      <sheetpath names="/" tstamps="/"/>
      <tstamp>5A7BC565</tstamp>
    </comp>
    <comp ref="R15">
      <value>47K_1%</value>
      <footprint>Resistors_THT:R_Axial_DIN0207_L6.3mm_D2.5mm_P2.54mm_Vertical</footprint>
      <libsource lib="e4ti-rescue" part="R" description=""/>
      <sheetpath names="/" tstamps="/"/>
      <tstamp>5A7C1517</tstamp>
    </comp>
    <comp ref="R18">
      <value>10K_1%</value>
      <footprint>Resistors_THT:R_Axial_DIN0207_L6.3mm_D2.5mm_P2.54mm_Vertical</footprint>
      <libsource lib="e4ti-rescue" part="R" description=""/>
      <sheetpath names="/" tstamps="/"/>
      <tstamp>5A7C1929</tstamp>
    </comp>
    <comp ref="R16">
      <value>100E_1%</value>
      <footprint>Resistors_THT:R_Axial_DIN0207_L6.3mm_D2.5mm_P2.54mm_Vertical</footprint>
      <libsource lib="e4ti-rescue" part="R" description=""/>
      <sheetpath names="/" tstamps="/"/>
      <tstamp>5A7C1D3B</tstamp>
    </comp>
    <comp ref="R17">
      <value>47K_1%</value>
      <footprint>Resistors_THT:R_Axial_DIN0207_L6.3mm_D2.5mm_P2.54mm_Vertical</footprint>
      <libsource lib="e4ti-rescue" part="R" description=""/>
      <sheetpath names="/" tstamps="/"/>
      <tstamp>5A7C2AFC</tstamp>
    </comp>
    <comp ref="R19">
      <value>47K_1%</value>
      <footprint>Resistors_THT:R_Axial_DIN0207_L6.3mm_D2.5mm_P2.54mm_Vertical</footprint>
      <libsource lib="e4ti-rescue" part="R" description=""/>
      <sheetpath names="/" tstamps="/"/>
      <tstamp>5A7C2BDC</tstamp>
    </comp>
    <comp ref="C3">
      <value>0.1uF_50V</value>
      <footprint>Capacitors_THT:C_Disc_D5.0mm_W2.5mm_P5.00mm</footprint>
      <libsource lib="e4ti-rescue" part="C" description=""/>
      <sheetpath names="/" tstamps="/"/>
      <tstamp>5A7C3F65</tstamp>
    </comp>
    <comp ref="R20">
      <value>47K_1%</value>
      <footprint>Resistors_THT:R_Axial_DIN0207_L6.3mm_D2.5mm_P2.54mm_Vertical</footprint>
      <libsource lib="e4ti-rescue" part="R" description=""/>
      <sheetpath names="/" tstamps="/"/>
      <tstamp>5A7C788C</tstamp>
    </comp>
    <comp ref="R23">
      <value>10K_1%</value>
      <footprint>Resistors_THT:R_Axial_DIN0207_L6.3mm_D2.5mm_P2.54mm_Vertical</footprint>
      <libsource lib="e4ti-rescue" part="R" description=""/>
      <sheetpath names="/" tstamps="/"/>
      <tstamp>5A7C7892</tstamp>
    </comp>
    <comp ref="R21">
      <value>100E_1%</value>
      <footprint>Resistors_THT:R_Axial_DIN0207_L6.3mm_D2.5mm_P2.54mm_Vertical</footprint>
      <libsource lib="e4ti-rescue" part="R" description=""/>
      <sheetpath names="/" tstamps="/"/>
      <tstamp>5A7C7898</tstamp>
    </comp>
    <comp ref="R22">
      <value>47K_1%</value>
      <footprint>Resistors_THT:R_Axial_DIN0207_L6.3mm_D2.5mm_P2.54mm_Vertical</footprint>
      <libsource lib="e4ti-rescue" part="R" description=""/>
      <sheetpath names="/" tstamps="/"/>
      <tstamp>5A7C789E</tstamp>
    </comp>
    <comp ref="R24">
      <value>47K_1%</value>
      <footprint>Resistors_THT:R_Axial_DIN0207_L6.3mm_D2.5mm_P2.54mm_Vertical</footprint>
      <libsource lib="e4ti-rescue" part="R" description=""/>
      <sheetpath names="/" tstamps="/"/>
      <tstamp>5A7C78A4</tstamp>
    </comp>
    <comp ref="C4">
      <value>0.1uF_50V</value>
      <footprint>Capacitors_THT:C_Disc_D5.0mm_W2.5mm_P5.00mm</footprint>
      <libsource lib="e4ti-rescue" part="C" description=""/>
      <sheetpath names="/" tstamps="/"/>
      <tstamp>5A7C78B0</tstamp>
    </comp>
    <comp ref="R5">
      <value>470K_1%</value>
      <footprint>Resistors_THT:R_Axial_DIN0207_L6.3mm_D2.5mm_P2.54mm_Vertical</footprint>
      <libsource lib="e4ti-rescue" part="R" description=""/>
      <sheetpath names="/" tstamps="/"/>
      <tstamp>5AD393B0</tstamp>
    </comp>
    <comp ref="J3">
      <value>Pin_Straight_01x02</value>
      <footprint>Pin_Headers:Pin_Header_Straight_1x02_Pitch2.54mm</footprint>
      <libsource lib="e4ti-rescue" part="Conn_01x02" description=""/>
      <sheetpath names="/" tstamps="/"/>
      <tstamp>5AD39AA0</tstamp>
    </comp>
    <comp ref="J6">
      <value>Screw_Terminal_01x03</value>
      <footprint>TerminalBlock_Phoenix:TerminalBlock_Phoenix_MKDS1.5-3pol</footprint>
      <libsource lib="e4ti-rescue" part="Screw_Terminal_01x03" description=""/>
      <sheetpath names="/" tstamps="/"/>
      <tstamp>5AD3C5E8</tstamp>
    </comp>
    <comp ref="R8">
      <value>6K8_1%</value>
      <footprint>Resistors_THT:R_Axial_DIN0207_L6.3mm_D2.5mm_P2.54mm_Vertical</footprint>
      <libsource lib="e4ti-rescue" part="R" description=""/>
      <sheetpath names="/" tstamps="/"/>
      <tstamp>5AD3E3FB</tstamp>
    </comp>
    <comp ref="J4">
      <value>Screw_Terminal_01x04</value>
      <footprint>TerminalBlock_Phoenix:TerminalBlock_Phoenix_MKDS1.5-4pol</footprint>
      <libsource lib="e4ti-rescue" part="Screw_Terminal_1x04" description=""/>
      <sheetpath names="/" tstamps="/"/>
      <tstamp>5AD3E402</tstamp>
    </comp>
    <comp ref="R9">
      <value>47K_1%</value>
      <footprint>Resistors_THT:R_Axial_DIN0207_L6.3mm_D2.5mm_P2.54mm_Vertical</footprint>
      <libsource lib="e4ti-rescue" part="R" description=""/>
      <sheetpath names="/" tstamps="/"/>
      <tstamp>5AD3E40E</tstamp>
    </comp>
    <comp ref="R14">
      <value>470K_1%</value>
      <footprint>Resistors_THT:R_Axial_DIN0207_L6.3mm_D2.5mm_P2.54mm_Vertical</footprint>
      <libsource lib="e4ti-rescue" part="R" description=""/>
      <sheetpath names="/" tstamps="/"/>
      <tstamp>5AD3E414</tstamp>
    </comp>
    <comp ref="R10">
      <value>47K_1%</value>
      <footprint>Resistors_THT:R_Axial_DIN0207_L6.3mm_D2.5mm_P2.54mm_Vertical</footprint>
      <libsource lib="e4ti-rescue" part="R" description=""/>
      <sheetpath names="/" tstamps="/"/>
      <tstamp>5AD3E41A</tstamp>
    </comp>
    <comp ref="R13">
      <value>470K_1%</value>
      <footprint>Resistors_THT:R_Axial_DIN0207_L6.3mm_D2.5mm_P2.54mm_Vertical</footprint>
      <libsource lib="e4ti-rescue" part="R" description=""/>
      <sheetpath names="/" tstamps="/"/>
      <tstamp>5AD3E420</tstamp>
    </comp>
    <comp ref="R11">
      <value>100E_1%</value>
      <footprint>Resistors_THT:R_Axial_DIN0207_L6.3mm_D2.5mm_P2.54mm_Vertical</footprint>
      <libsource lib="e4ti-rescue" part="R" description=""/>
      <sheetpath names="/" tstamps="/"/>
      <tstamp>5AD3E42C</tstamp>
    </comp>
    <comp ref="R12">
      <value>470K_1%</value>
      <footprint>Resistors_THT:R_Axial_DIN0207_L6.3mm_D2.5mm_P2.54mm_Vertical</footprint>
      <libsource lib="e4ti-rescue" part="R" description=""/>
      <sheetpath names="/" tstamps="/"/>
      <tstamp>5AD3E463</tstamp>
    </comp>
    <comp ref="J5">
      <value>Pin_Straight_01x02</value>
      <footprint>Pin_Headers:Pin_Header_Straight_1x02_Pitch2.54mm</footprint>
      <libsource lib="e4ti-rescue" part="Conn_01x02" description=""/>
      <sheetpath names="/" tstamps="/"/>
      <tstamp>5AD3E469</tstamp>
    </comp>
    <comp ref="U2">
      <value>LM358</value>
      <footprint>Housings_DIP:DIP-8_W7.62mm_LongPads</footprint>
      <libsource lib="e4ti-rescue" part="LM358" description=""/>
      <sheetpath names="/" tstamps="/"/>
      <tstamp>5AD45ED8</tstamp>
    </comp>
    <comp ref="C2">
      <value>0.1uF_50V</value>
      <footprint>Capacitors_THT:C_Disc_D5.0mm_W2.5mm_P5.00mm</footprint>
      <libsource lib="e4ti-rescue" part="C" description=""/>
      <sheetpath names="/" tstamps="/"/>
      <tstamp>5AD50C69</tstamp>
    </comp>
    <comp ref="C1">
      <value>0.1uF_50V</value>
      <footprint>Capacitors_THT:C_Disc_D5.0mm_W2.5mm_P5.00mm</footprint>
      <libsource lib="e4ti-rescue" part="C" description=""/>
      <sheetpath names="/" tstamps="/"/>
      <tstamp>5AD51911</tstamp>
    </comp>
  </components>
  <libparts>
    <libpart lib="e4ti-rescue" part="C">
      <footprints>
        <fp>C_*</fp>
      </footprints>
      <fields>
        <field name="Reference">C</field>
        <field name="Value">C</field>
      </fields>
      <pins>
        <pin num="1" name="~" type="passive"/>
        <pin num="2" name="~" type="passive"/>
      </pins>
    </libpart>
    <libpart lib="e4ti-rescue" part="Conn_01x02">
      <footprints>
        <fp>Connector*:*_??x*mm*</fp>
        <fp>Connector*:*1x??x*mm*</fp>
        <fp>Pin?Header?Straight?1X*</fp>
        <fp>Pin?Header?Angled?1X*</fp>
        <fp>Socket?Strip?Straight?1X*</fp>
        <fp>Socket?Strip?Angled?1X*</fp>
      </footprints>
      <fields>
        <field name="Reference">J</field>
        <field name="Value">Conn_01x02</field>
      </fields>
      <pins>
        <pin num="1" name="Pin_1" type="passive"/>
        <pin num="2" name="Pin_2" type="passive"/>
      </pins>
    </libpart>
    <libpart lib="e4ti-rescue" part="Conn_02x08_Odd_Even">
      <footprints>
        <fp>Connector*:*2x??x*mm*</fp>
        <fp>Connector*:*2x???Pitch*</fp>
        <fp>Pin_Header_Straight_2X*</fp>
        <fp>Pin_Header_Angled_2X*</fp>
        <fp>Socket_Strip_Straight_2X*</fp>
        <fp>Socket_Strip_Angled_2X*</fp>
      </footprints>
      <fields>
        <field name="Reference">J</field>
        <field name="Value">Conn_02x08_Odd_Even</field>
      </fields>
      <pins>
        <pin num="1" name="Pin_1" type="passive"/>
        <pin num="2" name="Pin_2" type="passive"/>
        <pin num="3" name="Pin_3" type="passive"/>
        <pin num="4" name="Pin_4" type="passive"/>
        <pin num="5" name="Pin_5" type="passive"/>
        <pin num="6" name="Pin_6" type="passive"/>
        <pin num="7" name="Pin_7" type="passive"/>
        <pin num="8" name="Pin_8" type="passive"/>
        <pin num="9" name="Pin_9" type="passive"/>
        <pin num="10" name="Pin_10" type="passive"/>
        <pin num="11" name="Pin_11" type="passive"/>
        <pin num="12" name="Pin_12" type="passive"/>
        <pin num="13" name="Pin_13" type="passive"/>
        <pin num="14" name="Pin_14" type="passive"/>
        <pin num="15" name="Pin_15" type="passive"/>
        <pin num="16" name="Pin_16" type="passive"/>
      </pins>
    </libpart>
    <libpart lib="e4ti-rescue" part="LM324">
      <footprints>
        <fp>SOIC*3.9x8.7mm*Pitch1.27mm*</fp>
        <fp>DIP*W7.62mm*</fp>
        <fp>TSSOP*4.4x5mm*Pitch0.65mm*</fp>
        <fp>SSOP*5.3x6.2mm*Pitch0.65mm*</fp>
        <fp>MSOP*3x3mm*Pitch0.5mm*</fp>
      </footprints>
      <fields>
        <field name="Reference">U</field>
        <field name="Value">LM324</field>
      </fields>
      <pins>
        <pin num="1" name="~" type="output"/>
        <pin num="2" name="-" type="input"/>
        <pin num="3" name="+" type="input"/>
        <pin num="4" name="V+" type="power_in"/>
        <pin num="5" name="+" type="input"/>
        <pin num="6" name="-" type="input"/>
        <pin num="7" name="~" type="output"/>
        <pin num="8" name="~" type="output"/>
        <pin num="9" name="-" type="input"/>
        <pin num="10" name="+" type="input"/>
        <pin num="11" name="V-" type="power_in"/>
        <pin num="12" name="+" type="input"/>
        <pin num="13" name="-" type="input"/>
        <pin num="14" name="~" type="output"/>
      </pins>
    </libpart>
    <libpart lib="e4ti-rescue" part="LM358">
      <footprints>
        <fp>SOIC*3.9x4.9mm*Pitch1.27mm*</fp>
        <fp>DIP*W7.62mm*</fp>
        <fp>TO*99*</fp>
        <fp>OnSemi*Micro8*</fp>
        <fp>TSSOP*3x3mm*Pitch0.65mm*</fp>
        <fp>TSSOP*4.4x3mm*Pitch0.65mm*</fp>
        <fp>MSOP*3x3mm*Pitch0.65mm*</fp>
        <fp>SSOP*3.9x4.9mm*Pitch0.635mm*</fp>
        <fp>LFCSP*2x2mm*Pitch0.5mm*</fp>
        <fp>*SIP*</fp>
        <fp>SOIC*5.3x6.2mm*Pitch1.27mm*</fp>
      </footprints>
      <fields>
        <field name="Reference">U</field>
        <field name="Value">LM358</field>
      </fields>
      <pins>
        <pin num="1" name="~" type="output"/>
        <pin num="2" name="-" type="input"/>
        <pin num="3" name="+" type="input"/>
        <pin num="4" name="V-" type="power_in"/>
        <pin num="5" name="+" type="input"/>
        <pin num="6" name="-" type="input"/>
        <pin num="7" name="~" type="output"/>
        <pin num="8" name="V+" type="power_in"/>
      </pins>
    </libpart>
    <libpart lib="e4ti-rescue" part="R">
      <footprints>
        <fp>R_*</fp>
        <fp>R_*</fp>
      </footprints>
      <fields>
        <field name="Reference">R</field>
        <field name="Value">R</field>
      </fields>
      <pins>
        <pin num="1" name="~" type="passive"/>
        <pin num="2" name="~" type="passive"/>
      </pins>
    </libpart>
    <libpart lib="e4ti-rescue" part="Screw_Terminal_01x03">
      <footprints>
        <fp>Connector*Terminal*Block*:*</fp>
        <fp>TerminalBlock*</fp>
      </footprints>
      <fields>
        <field name="Reference">J</field>
        <field name="Value">Screw_Terminal_01x03</field>
      </fields>
      <pins>
        <pin num="1" name="Pin_1" type="passive"/>
        <pin num="2" name="Pin_2" type="passive"/>
        <pin num="3" name="Pin_3" type="passive"/>
      </pins>
    </libpart>
    <libpart lib="e4ti-rescue" part="Screw_Terminal_1x04">
      <footprints>
        <fp>bornier4</fp>
        <fp>TerminalBlock*4pol</fp>
      </footprints>
      <fields>
        <field name="Reference">J</field>
        <field name="Value">Screw_Terminal_1x04</field>
      </fields>
      <pins>
        <pin num="1" name="~" type="passive"/>
        <pin num="2" name="~" type="passive"/>
        <pin num="3" name="~" type="passive"/>
        <pin num="4" name="~" type="passive"/>
      </pins>
    </libpart>
  </libparts>
  <libraries>
    <library logical="e4ti-rescue">
      <uri>/home/daniel/OSIMPLC/Hardware/OSIMPLC_Lengues_V2.0/e4ti/e4ti-rescue.lib</uri>
    </library>
  </libraries>
  <nets>
    <net code="1" name="Net-(J4-Pad4)">
      <node ref="R10" pin="1"/>
      <node ref="J4" pin="4"/>
    </net>
    <net code="2" name="Net-(J4-Pad3)">
      <node ref="R9" pin="1"/>
      <node ref="J4" pin="3"/>
    </net>
    <net code="3" name="Net-(J4-Pad2)">
      <node ref="U1" pin="6"/>
      <node ref="R8" pin="1"/>
      <node ref="J4" pin="2"/>
    </net>
    <net code="4" name="Net-(J4-Pad1)">
      <node ref="U1" pin="7"/>
      <node ref="J4" pin="1"/>
    </net>
    <net code="5" name="GND">
      <node ref="J1" pin="16"/>
      <node ref="R8" pin="2"/>
      <node ref="J1" pin="1"/>
      <node ref="J1" pin="15"/>
      <node ref="C1" pin="2"/>
      <node ref="J1" pin="2"/>
      <node ref="U1" pin="11"/>
      <node ref="U1" pin="11"/>
      <node ref="R1" pin="2"/>
      <node ref="C2" pin="2"/>
      <node ref="U1" pin="11"/>
      <node ref="U2" pin="4"/>
      <node ref="U2" pin="4"/>
      <node ref="C3" pin="2"/>
      <node ref="R19" pin="1"/>
      <node ref="R18" pin="1"/>
      <node ref="R7" pin="2"/>
      <node ref="U1" pin="11"/>
      <node ref="C4" pin="2"/>
      <node ref="J6" pin="1"/>
      <node ref="R23" pin="1"/>
      <node ref="R14" pin="2"/>
      <node ref="R24" pin="1"/>
    </net>
    <net code="6" name="Net-(R14-Pad1)">
      <node ref="R9" pin="2"/>
      <node ref="R14" pin="1"/>
      <node ref="U1" pin="10"/>
    </net>
    <net code="7" name="/AN4">
      <node ref="J1" pin="6"/>
      <node ref="R16" pin="1"/>
      <node ref="J1" pin="5"/>
    </net>
    <net code="8" name="Net-(R11-Pad2)">
      <node ref="R11" pin="2"/>
      <node ref="U1" pin="8"/>
      <node ref="R13" pin="2"/>
    </net>
    <net code="9" name="/VAA">
      <node ref="U1" pin="4"/>
      <node ref="U1" pin="4"/>
      <node ref="U1" pin="3"/>
      <node ref="U1" pin="4"/>
      <node ref="U2" pin="8"/>
      <node ref="U2" pin="8"/>
      <node ref="J1" pin="13"/>
      <node ref="J1" pin="14"/>
      <node ref="U1" pin="5"/>
      <node ref="C2" pin="1"/>
      <node ref="C1" pin="1"/>
      <node ref="U1" pin="4"/>
    </net>
    <net code="10" name="/AN5">
      <node ref="R21" pin="1"/>
      <node ref="J1" pin="8"/>
      <node ref="J1" pin="7"/>
    </net>
    <net code="11" name="Net-(C4-Pad1)">
      <node ref="C4" pin="1"/>
      <node ref="J6" pin="3"/>
      <node ref="R23" pin="2"/>
      <node ref="R20" pin="2"/>
    </net>
    <net code="12" name="Net-(R22-Pad1)">
      <node ref="U2" pin="6"/>
      <node ref="R22" pin="1"/>
      <node ref="R24" pin="2"/>
    </net>
    <net code="13" name="/AN7">
      <node ref="R4" pin="1"/>
      <node ref="J1" pin="12"/>
      <node ref="J1" pin="11"/>
    </net>
    <net code="14" name="Net-(J3-Pad2)">
      <node ref="J3" pin="2"/>
      <node ref="R5" pin="2"/>
      <node ref="R6" pin="1"/>
    </net>
    <net code="15" name="/AN6">
      <node ref="R11" pin="1"/>
      <node ref="J1" pin="10"/>
      <node ref="J1" pin="9"/>
    </net>
    <net code="16" name="/VDD">
      <node ref="J1" pin="3"/>
      <node ref="J1" pin="4"/>
    </net>
    <net code="17" name="Net-(J5-Pad1)">
      <node ref="J5" pin="1"/>
      <node ref="R12" pin="1"/>
      <node ref="R10" pin="2"/>
      <node ref="U1" pin="9"/>
    </net>
    <net code="18" name="Net-(J5-Pad2)">
      <node ref="R13" pin="1"/>
      <node ref="J5" pin="2"/>
      <node ref="R12" pin="2"/>
    </net>
    <net code="19" name="Net-(R20-Pad1)">
      <node ref="R20" pin="1"/>
      <node ref="U2" pin="5"/>
    </net>
    <net code="20" name="Net-(R21-Pad2)">
      <node ref="R21" pin="2"/>
      <node ref="R22" pin="2"/>
      <node ref="U2" pin="7"/>
    </net>
    <net code="21" name="Net-(R17-Pad1)">
      <node ref="R19" pin="2"/>
      <node ref="U2" pin="2"/>
      <node ref="R17" pin="1"/>
    </net>
    <net code="22" name="Net-(R16-Pad2)">
      <node ref="R16" pin="2"/>
      <node ref="U2" pin="1"/>
      <node ref="R17" pin="2"/>
    </net>
    <net code="23" name="Net-(C3-Pad1)">
      <node ref="J6" pin="2"/>
      <node ref="C3" pin="1"/>
      <node ref="R18" pin="2"/>
      <node ref="R15" pin="2"/>
    </net>
    <net code="24" name="Net-(R15-Pad1)">
      <node ref="R15" pin="1"/>
      <node ref="U2" pin="3"/>
    </net>
    <net code="25" name="Net-(J3-Pad1)">
      <node ref="U1" pin="13"/>
      <node ref="R3" pin="2"/>
      <node ref="R5" pin="1"/>
      <node ref="J3" pin="1"/>
    </net>
    <net code="26" name="Net-(J2-Pad2)">
      <node ref="J2" pin="2"/>
      <node ref="R2" pin="1"/>
    </net>
    <net code="27" name="Net-(J2-Pad1)">
      <node ref="J2" pin="1"/>
      <node ref="R3" pin="1"/>
    </net>
    <net code="28" name="Net-(R4-Pad2)">
      <node ref="R6" pin="2"/>
      <node ref="U1" pin="14"/>
      <node ref="R4" pin="2"/>
    </net>
    <net code="29" name="Net-(R2-Pad2)">
      <node ref="R2" pin="2"/>
      <node ref="R7" pin="1"/>
      <node ref="U1" pin="12"/>
    </net>
    <net code="30" name="Net-(J2-Pad4)">
      <node ref="J2" pin="4"/>
      <node ref="U1" pin="1"/>
    </net>
    <net code="31" name="Net-(J2-Pad3)">
      <node ref="J2" pin="3"/>
      <node ref="R1" pin="1"/>
      <node ref="U1" pin="2"/>
    </net>
  </nets>
</export>
