<?xml version="1.0" encoding="UTF-8"?>
<export version="D">
  <design>
    <source>/home/daniel/OSIMPLC/Hardware/OSIMPLC_Outputs_V2.0/o4t/o4t.sch</source>
    <date>dom 04 nov 2018 12:12:17 -03</date>
    <tool>Eeschema 5.0.1</tool>
    <sheet number="1" name="/" tstamps="/">
      <title_block>
        <title>OSIMPLC 04T</title>
        <company>4 NPN TRANSISTOR OUTPUTS</company>
        <rev>1.0</rev>
        <date>2017-10-25</date>
        <source>o4t.sch</source>
        <comment number="1" value=""/>
        <comment number="2" value=""/>
        <comment number="3" value=""/>
        <comment number="4" value=""/>
      </title_block>
    </sheet>
  </design>
  <components>
    <comp ref="J1">
      <value>Pin_Angled_02x08</value>
      <footprint>Pin_Headers:Pin_Header_Angled_2x08_Pitch2.54mm</footprint>
      <libsource lib="conn" part="Conn_02x08_Odd_Even" description="Generic connector, double row, 02x08, odd/even pin numbering scheme (row 1 odd numbers, row 2 even numbers)"/>
      <sheetpath names="/" tstamps="/"/>
      <tstamp>59EA1E5E</tstamp>
    </comp>
    <comp ref="R1">
      <value>2K2</value>
      <footprint>Resistors_THT:R_Axial_DIN0207_L6.3mm_D2.5mm_P2.54mm_Vertical</footprint>
      <libsource lib="device" part="R" description="Resistor"/>
      <sheetpath names="/" tstamps="/"/>
      <tstamp>59EA1F21</tstamp>
    </comp>
    <comp ref="R2">
      <value>2K2</value>
      <footprint>Resistors_THT:R_Axial_DIN0207_L6.3mm_D2.5mm_P2.54mm_Vertical</footprint>
      <libsource lib="device" part="R" description="Resistor"/>
      <sheetpath names="/" tstamps="/"/>
      <tstamp>59EA1FAB</tstamp>
    </comp>
    <comp ref="D2">
      <value>1N5245B</value>
      <footprint>Diodes_THT:D_DO-35_SOD27_P2.54mm_Vertical_KathodeUp</footprint>
      <libsource lib="diode" part="ZPDxx" description="500mW Zener Diode, DO-35"/>
      <sheetpath names="/" tstamps="/"/>
      <tstamp>59EA0170</tstamp>
    </comp>
    <comp ref="Q1">
      <value>IRFZ44N</value>
      <footprint>TO_SOT_Packages_THT:TO-220_Horizontal</footprint>
      <libsource lib="transistors" part="IRF540N" description="100V Vds, 33A Id, HEXFET N-Channel MOSFET, TO-220"/>
      <sheetpath names="/" tstamps="/"/>
      <tstamp>59EA0867</tstamp>
    </comp>
    <comp ref="D1">
      <value>1N4751A</value>
      <footprint>Diodes_THT:D_DO-41_SOD81_P2.54mm_Vertical_KathodeUp</footprint>
      <libsource lib="diode" part="ZPDxx" description="500mW Zener Diode, DO-35"/>
      <sheetpath names="/" tstamps="/"/>
      <tstamp>59EA0A96</tstamp>
    </comp>
    <comp ref="F2">
      <value>Fuse</value>
      <footprint>Fuse_Holders_and_Fuses:Fuseholder5x20_horiz_SemiClosed_Casing10x25mm</footprint>
      <libsource lib="device" part="Fuse" description="Fuse, generic"/>
      <sheetpath names="/" tstamps="/"/>
      <tstamp>59EA11F7</tstamp>
    </comp>
    <comp ref="F1">
      <value>Fuse</value>
      <footprint>Fuse_Holders_and_Fuses:Fuseholder5x20_horiz_SemiClosed_Casing10x25mm</footprint>
      <libsource lib="device" part="Fuse" description="Fuse, generic"/>
      <sheetpath names="/" tstamps="/"/>
      <tstamp>59EA219E</tstamp>
    </comp>
    <comp ref="J2">
      <value>Screw_Terminal_02x10</value>
      <footprint>TerminalBlock_2levels:TerminalBlock_10pol_2levels_5mm</footprint>
      <libsource lib="conn" part="Screw_Terminal_02x10" description="Generic screw terminal, single row, 01x10"/>
      <sheetpath names="/" tstamps="/"/>
      <tstamp>59F67336</tstamp>
    </comp>
    <comp ref="R3">
      <value>2K2</value>
      <footprint>Resistors_THT:R_Axial_DIN0207_L6.3mm_D2.5mm_P2.54mm_Vertical</footprint>
      <libsource lib="device" part="R" description="Resistor"/>
      <sheetpath names="/" tstamps="/"/>
      <tstamp>5A41211F</tstamp>
    </comp>
    <comp ref="R4">
      <value>2K2</value>
      <footprint>Resistors_THT:R_Axial_DIN0207_L6.3mm_D2.5mm_P2.54mm_Vertical</footprint>
      <libsource lib="device" part="R" description="Resistor"/>
      <sheetpath names="/" tstamps="/"/>
      <tstamp>5A412125</tstamp>
    </comp>
    <comp ref="D4">
      <value>1N5245B</value>
      <footprint>Diodes_THT:D_DO-35_SOD27_P2.54mm_Vertical_KathodeUp</footprint>
      <libsource lib="diode" part="ZPDxx" description="500mW Zener Diode, DO-35"/>
      <sheetpath names="/" tstamps="/"/>
      <tstamp>5A41212B</tstamp>
    </comp>
    <comp ref="Q2">
      <value>IRFZ44N</value>
      <footprint>TO_SOT_Packages_THT:TO-220_Horizontal</footprint>
      <libsource lib="transistors" part="IRF540N" description="100V Vds, 33A Id, HEXFET N-Channel MOSFET, TO-220"/>
      <sheetpath names="/" tstamps="/"/>
      <tstamp>5A412131</tstamp>
    </comp>
    <comp ref="D3">
      <value>1N4751A</value>
      <footprint>Diodes_THT:D_DO-41_SOD81_P2.54mm_Vertical_KathodeUp</footprint>
      <libsource lib="diode" part="ZPDxx" description="500mW Zener Diode, DO-35"/>
      <sheetpath names="/" tstamps="/"/>
      <tstamp>5A412137</tstamp>
    </comp>
    <comp ref="F3">
      <value>Fuse</value>
      <footprint>Fuse_Holders_and_Fuses:Fuseholder5x20_horiz_SemiClosed_Casing10x25mm</footprint>
      <libsource lib="device" part="Fuse" description="Fuse, generic"/>
      <sheetpath names="/" tstamps="/"/>
      <tstamp>5A41213F</tstamp>
    </comp>
    <comp ref="R5">
      <value>2K2</value>
      <footprint>Resistors_THT:R_Axial_DIN0207_L6.3mm_D2.5mm_P2.54mm_Vertical</footprint>
      <libsource lib="device" part="R" description="Resistor"/>
      <sheetpath names="/" tstamps="/"/>
      <tstamp>5A412733</tstamp>
    </comp>
    <comp ref="R6">
      <value>2K2</value>
      <footprint>Resistors_THT:R_Axial_DIN0207_L6.3mm_D2.5mm_P2.54mm_Vertical</footprint>
      <libsource lib="device" part="R" description="Resistor"/>
      <sheetpath names="/" tstamps="/"/>
      <tstamp>5A412739</tstamp>
    </comp>
    <comp ref="D6">
      <value>1N5245B</value>
      <footprint>Diodes_THT:D_DO-35_SOD27_P2.54mm_Vertical_KathodeUp</footprint>
      <libsource lib="diode" part="ZPDxx" description="500mW Zener Diode, DO-35"/>
      <sheetpath names="/" tstamps="/"/>
      <tstamp>5A41273F</tstamp>
    </comp>
    <comp ref="Q3">
      <value>IRFZ44N</value>
      <footprint>TO_SOT_Packages_THT:TO-220_Horizontal</footprint>
      <libsource lib="transistors" part="IRF540N" description="100V Vds, 33A Id, HEXFET N-Channel MOSFET, TO-220"/>
      <sheetpath names="/" tstamps="/"/>
      <tstamp>5A412745</tstamp>
    </comp>
    <comp ref="D5">
      <value>1N4751A</value>
      <footprint>Diodes_THT:D_DO-41_SOD81_P2.54mm_Vertical_KathodeUp</footprint>
      <libsource lib="diode" part="ZPDxx" description="500mW Zener Diode, DO-35"/>
      <sheetpath names="/" tstamps="/"/>
      <tstamp>5A41274B</tstamp>
    </comp>
    <comp ref="F4">
      <value>Fuse</value>
      <footprint>Fuse_Holders_and_Fuses:Fuseholder5x20_horiz_SemiClosed_Casing10x25mm</footprint>
      <libsource lib="device" part="Fuse" description="Fuse, generic"/>
      <sheetpath names="/" tstamps="/"/>
      <tstamp>5A412753</tstamp>
    </comp>
    <comp ref="R7">
      <value>2K2</value>
      <footprint>Resistors_THT:R_Axial_DIN0207_L6.3mm_D2.5mm_P2.54mm_Vertical</footprint>
      <libsource lib="device" part="R" description="Resistor"/>
      <sheetpath names="/" tstamps="/"/>
      <tstamp>5A412A23</tstamp>
    </comp>
    <comp ref="R8">
      <value>2K2</value>
      <footprint>Resistors_THT:R_Axial_DIN0207_L6.3mm_D2.5mm_P2.54mm_Vertical</footprint>
      <libsource lib="device" part="R" description="Resistor"/>
      <sheetpath names="/" tstamps="/"/>
      <tstamp>5A412A29</tstamp>
    </comp>
    <comp ref="D8">
      <value>1N5245B</value>
      <footprint>Diodes_THT:D_DO-35_SOD27_P2.54mm_Vertical_KathodeUp</footprint>
      <libsource lib="diode" part="ZPDxx" description="500mW Zener Diode, DO-35"/>
      <sheetpath names="/" tstamps="/"/>
      <tstamp>5A412A2F</tstamp>
    </comp>
    <comp ref="Q4">
      <value>IRFZ44N</value>
      <footprint>TO_SOT_Packages_THT:TO-220_Horizontal</footprint>
      <libsource lib="transistors" part="IRF540N" description="100V Vds, 33A Id, HEXFET N-Channel MOSFET, TO-220"/>
      <sheetpath names="/" tstamps="/"/>
      <tstamp>5A412A35</tstamp>
    </comp>
    <comp ref="D7">
      <value>1N4751A</value>
      <footprint>Diodes_THT:D_DO-41_SOD81_P2.54mm_Vertical_KathodeUp</footprint>
      <libsource lib="diode" part="ZPDxx" description="500mW Zener Diode, DO-35"/>
      <sheetpath names="/" tstamps="/"/>
      <tstamp>5A412A3B</tstamp>
    </comp>
    <comp ref="F5">
      <value>Fuse</value>
      <footprint>Fuse_Holders_and_Fuses:Fuseholder5x20_horiz_SemiClosed_Casing10x25mm</footprint>
      <libsource lib="device" part="Fuse" description="Fuse, generic"/>
      <sheetpath names="/" tstamps="/"/>
      <tstamp>5A412A43</tstamp>
    </comp>
    <comp ref="J3">
      <value>Pin_Straight_01x03</value>
      <footprint>Pin_Headers:Pin_Header_Straight_1x03_Pitch2.54mm</footprint>
      <libsource lib="conn" part="Conn_01x03" description="Generic connector, single row, 01x03"/>
      <sheetpath names="/" tstamps="/"/>
      <tstamp>5B89746E</tstamp>
    </comp>
    <comp ref="J4">
      <value>Pin_Straight_01x03</value>
      <footprint>Pin_Headers:Pin_Header_Straight_1x03_Pitch2.54mm</footprint>
      <libsource lib="conn" part="Conn_01x03" description="Generic connector, single row, 01x03"/>
      <sheetpath names="/" tstamps="/"/>
      <tstamp>5B898AF1</tstamp>
    </comp>
    <comp ref="J5">
      <value>Pin_Straight_01x03</value>
      <footprint>Pin_Headers:Pin_Header_Straight_1x03_Pitch2.54mm</footprint>
      <libsource lib="conn" part="Conn_01x03" description="Generic connector, single row, 01x03"/>
      <sheetpath names="/" tstamps="/"/>
      <tstamp>5B899AB9</tstamp>
    </comp>
    <comp ref="J6">
      <value>Pin_Straight_01x03</value>
      <footprint>Pin_Headers:Pin_Header_Straight_1x03_Pitch2.54mm</footprint>
      <libsource lib="conn" part="Conn_01x03" description="Generic connector, single row, 01x03"/>
      <sheetpath names="/" tstamps="/"/>
      <tstamp>5B89A173</tstamp>
    </comp>
  </components>
  <libparts>
    <libpart lib="conn" part="Conn_01x03">
      <description>Generic connector, single row, 01x03</description>
      <docs>~</docs>
      <footprints>
        <fp>Connector*:*_??x*mm*</fp>
        <fp>Connector*:*1x??x*mm*</fp>
        <fp>Pin?Header?Straight?1X*</fp>
        <fp>Pin?Header?Angled?1X*</fp>
        <fp>Socket?Strip?Straight?1X*</fp>
        <fp>Socket?Strip?Angled?1X*</fp>
      </footprints>
      <fields>
        <field name="Reference">J</field>
        <field name="Value">Conn_01x03</field>
      </fields>
      <pins>
        <pin num="1" name="Pin_1" type="passive"/>
        <pin num="2" name="Pin_2" type="passive"/>
        <pin num="3" name="Pin_3" type="passive"/>
      </pins>
    </libpart>
    <libpart lib="conn" part="Conn_02x08_Odd_Even">
      <description>Generic connector, double row, 02x08, odd/even pin numbering scheme (row 1 odd numbers, row 2 even numbers)</description>
      <docs>~</docs>
      <footprints>
        <fp>Connector*:*2x??x*mm*</fp>
        <fp>Connector*:*2x???Pitch*</fp>
        <fp>Pin_Header_Straight_2X*</fp>
        <fp>Pin_Header_Angled_2X*</fp>
        <fp>Socket_Strip_Straight_2X*</fp>
        <fp>Socket_Strip_Angled_2X*</fp>
      </footprints>
      <fields>
        <field name="Reference">J</field>
        <field name="Value">Conn_02x08_Odd_Even</field>
      </fields>
      <pins>
        <pin num="1" name="Pin_1" type="passive"/>
        <pin num="2" name="Pin_2" type="passive"/>
        <pin num="3" name="Pin_3" type="passive"/>
        <pin num="4" name="Pin_4" type="passive"/>
        <pin num="5" name="Pin_5" type="passive"/>
        <pin num="6" name="Pin_6" type="passive"/>
        <pin num="7" name="Pin_7" type="passive"/>
        <pin num="8" name="Pin_8" type="passive"/>
        <pin num="9" name="Pin_9" type="passive"/>
        <pin num="10" name="Pin_10" type="passive"/>
        <pin num="11" name="Pin_11" type="passive"/>
        <pin num="12" name="Pin_12" type="passive"/>
        <pin num="13" name="Pin_13" type="passive"/>
        <pin num="14" name="Pin_14" type="passive"/>
        <pin num="15" name="Pin_15" type="passive"/>
        <pin num="16" name="Pin_16" type="passive"/>
      </pins>
    </libpart>
    <libpart lib="conn" part="Screw_Terminal_02x10">
      <description>Generic screw terminal, single row, 01x10</description>
      <docs>~</docs>
      <footprints>
        <fp>Connector*Terminal*Block*:*</fp>
        <fp>TerminalBlock*</fp>
      </footprints>
      <fields>
        <field name="Reference">J</field>
        <field name="Value">Screw_Terminal_02x10</field>
      </fields>
      <pins>
        <pin num="1" name="Pin_1" type="passive"/>
        <pin num="2" name="Pin_2" type="passive"/>
        <pin num="3" name="Pin_3" type="passive"/>
        <pin num="4" name="Pin_4" type="passive"/>
        <pin num="5" name="Pin_5" type="passive"/>
        <pin num="6" name="Pin_6" type="passive"/>
        <pin num="7" name="Pin_7" type="passive"/>
        <pin num="8" name="Pin_8" type="passive"/>
        <pin num="9" name="Pin_9" type="passive"/>
        <pin num="10" name="Pin_10" type="passive"/>
      </pins>
    </libpart>
    <libpart lib="device" part="Fuse">
      <description>Fuse, generic</description>
      <footprints>
        <fp>*Fuse*</fp>
      </footprints>
      <fields>
        <field name="Reference">F</field>
        <field name="Value">Fuse</field>
      </fields>
      <pins>
        <pin num="1" name="~" type="passive"/>
        <pin num="2" name="~" type="passive"/>
      </pins>
    </libpart>
    <libpart lib="device" part="R">
      <description>Resistor</description>
      <footprints>
        <fp>R_*</fp>
        <fp>R_*</fp>
      </footprints>
      <fields>
        <field name="Reference">R</field>
        <field name="Value">R</field>
      </fields>
      <pins>
        <pin num="1" name="~" type="passive"/>
        <pin num="2" name="~" type="passive"/>
      </pins>
    </libpart>
    <libpart lib="diode" part="ZPDxx">
      <description>500mW Zener Diode, DO-35</description>
      <docs>http://diotec.com/tl_files/diotec/files/pdf/datasheets/zpd1</docs>
      <footprints>
        <fp>D*DO?35*</fp>
        <fp>D*SOD27*</fp>
      </footprints>
      <fields>
        <field name="Reference">D</field>
        <field name="Value">ZPDxx</field>
        <field name="Footprint">Diodes_THT:D_DO-35_SOD27_Horizontal_RM10</field>
      </fields>
      <pins>
        <pin num="1" name="K" type="passive"/>
        <pin num="2" name="A" type="passive"/>
      </pins>
    </libpart>
    <libpart lib="transistors" part="BUZ11">
      <aliases>
        <alias>IRLZ44N</alias>
        <alias>IRLIZ44N</alias>
        <alias>IRLZ34N</alias>
        <alias>IRF3205</alias>
        <alias>IRF540N</alias>
        <alias>IRFZ44N</alias>
      </aliases>
      <description>50V Vds, 30A Id, N-Channel Power MOSFET, TO-220</description>
      <docs>http://www.fairchildsemi.com/ds/BU/BUZ11.pdf</docs>
      <footprints>
        <fp>TO?220*</fp>
      </footprints>
      <fields>
        <field name="Reference">Q</field>
        <field name="Value">BUZ11</field>
        <field name="Footprint">TO_SOT_Packages_THT:TO-220_Vertical</field>
      </fields>
      <pins>
        <pin num="1" name="G" type="input"/>
        <pin num="2" name="D" type="passive"/>
        <pin num="3" name="S" type="passive"/>
      </pins>
    </libpart>
  </libparts>
  <libraries>
    <library logical="conn">
      <uri>/home/daniel/kicad/library/conn.lib</uri>
    </library>
    <library logical="device">
      <uri>/home/daniel/kicad/library/device.lib</uri>
    </library>
    <library logical="diode">
      <uri>/home/daniel/kicad/library/diode.lib</uri>
    </library>
    <library logical="transistors">
      <uri>/home/daniel/kicad/library/transistors.lib</uri>
    </library>
  </libraries>
  <nets>
    <net code="1" name="Net-(D6-Pad1)">
      <node ref="D6" pin="1"/>
      <node ref="R5" pin="2"/>
      <node ref="R6" pin="1"/>
      <node ref="J5" pin="3"/>
      <node ref="Q3" pin="1"/>
    </net>
    <net code="2" name="Net-(D4-Pad1)">
      <node ref="R3" pin="2"/>
      <node ref="R4" pin="1"/>
      <node ref="D4" pin="1"/>
      <node ref="Q2" pin="1"/>
      <node ref="J4" pin="3"/>
    </net>
    <net code="3" name="Net-(D3-Pad1)">
      <node ref="D3" pin="1"/>
      <node ref="Q2" pin="2"/>
      <node ref="F3" pin="2"/>
    </net>
    <net code="4" name="/Q2">
      <node ref="F3" pin="1"/>
      <node ref="J2" pin="5"/>
    </net>
    <net code="5" name="Net-(D8-Pad1)">
      <node ref="J6" pin="3"/>
      <node ref="R7" pin="2"/>
      <node ref="Q4" pin="1"/>
      <node ref="D8" pin="1"/>
      <node ref="R8" pin="1"/>
    </net>
    <net code="6" name="Net-(D5-Pad1)">
      <node ref="Q3" pin="2"/>
      <node ref="D5" pin="1"/>
      <node ref="F4" pin="2"/>
    </net>
    <net code="7" name="/OUT4">
      <node ref="J6" pin="2"/>
      <node ref="J1" pin="2"/>
      <node ref="J1" pin="1"/>
    </net>
    <net code="8" name="/OUT3">
      <node ref="J1" pin="7"/>
      <node ref="J1" pin="8"/>
      <node ref="J5" pin="2"/>
    </net>
    <net code="9" name="Net-(D7-Pad1)">
      <node ref="F5" pin="2"/>
      <node ref="Q4" pin="2"/>
      <node ref="D7" pin="1"/>
    </net>
    <net code="10" name="Net-(J6-Pad1)">
      <node ref="R7" pin="1"/>
      <node ref="J6" pin="1"/>
    </net>
    <net code="11" name="Net-(J5-Pad1)">
      <node ref="R5" pin="1"/>
      <node ref="J5" pin="1"/>
    </net>
    <net code="12" name="/OUT2">
      <node ref="J1" pin="10"/>
      <node ref="J1" pin="9"/>
      <node ref="J4" pin="2"/>
    </net>
    <net code="13" name="Net-(J4-Pad1)">
      <node ref="J4" pin="1"/>
      <node ref="R3" pin="1"/>
    </net>
    <net code="14" name="/GND">
      <node ref="D8" pin="2"/>
      <node ref="R8" pin="2"/>
      <node ref="R6" pin="2"/>
      <node ref="Q4" pin="3"/>
      <node ref="J2" pin="2"/>
      <node ref="J2" pin="4"/>
      <node ref="D1" pin="2"/>
      <node ref="Q1" pin="3"/>
      <node ref="D2" pin="2"/>
      <node ref="D3" pin="2"/>
      <node ref="R2" pin="2"/>
      <node ref="R4" pin="2"/>
      <node ref="D4" pin="2"/>
      <node ref="Q2" pin="3"/>
      <node ref="J2" pin="6"/>
      <node ref="D7" pin="2"/>
      <node ref="J2" pin="10"/>
      <node ref="D5" pin="2"/>
      <node ref="Q3" pin="3"/>
      <node ref="D6" pin="2"/>
      <node ref="J2" pin="8"/>
    </net>
    <net code="15" name="/Q4">
      <node ref="J2" pin="1"/>
      <node ref="F5" pin="1"/>
    </net>
    <net code="16" name="/Q3">
      <node ref="F4" pin="1"/>
      <node ref="J2" pin="3"/>
    </net>
    <net code="17" name="Net-(D2-Pad1)">
      <node ref="Q1" pin="1"/>
      <node ref="J3" pin="3"/>
      <node ref="R1" pin="2"/>
      <node ref="D2" pin="1"/>
      <node ref="R2" pin="1"/>
    </net>
    <net code="18" name="Net-(J3-Pad1)">
      <node ref="R1" pin="1"/>
      <node ref="J3" pin="1"/>
    </net>
    <net code="19" name="/OUT1">
      <node ref="J1" pin="15"/>
      <node ref="J1" pin="16"/>
      <node ref="J3" pin="2"/>
    </net>
    <net code="20" name="/+VC">
      <node ref="J1" pin="14"/>
      <node ref="F1" pin="2"/>
      <node ref="J1" pin="3"/>
      <node ref="J1" pin="4"/>
      <node ref="J1" pin="5"/>
      <node ref="J1" pin="6"/>
      <node ref="J1" pin="12"/>
      <node ref="J1" pin="13"/>
      <node ref="J1" pin="11"/>
    </net>
    <net code="21" name="Net-(F1-Pad1)">
      <node ref="F1" pin="1"/>
      <node ref="J2" pin="9"/>
    </net>
    <net code="22" name="/Q1">
      <node ref="J2" pin="7"/>
      <node ref="F2" pin="1"/>
    </net>
    <net code="23" name="Net-(D1-Pad1)">
      <node ref="Q1" pin="2"/>
      <node ref="D1" pin="1"/>
      <node ref="F2" pin="2"/>
    </net>
  </nets>
</export>
