Reference, Quantity, Value, Footprint, Datasheet
D1 D3 D5 D7 ,4,"1N4751A","Diodes_THT:D_DO-41_SOD81_P2.54mm_Vertical_KathodeUp",""
D2 D4 D6 D8 ,4,"1N5245B","Diodes_THT:D_DO-35_SOD27_P2.54mm_Vertical_KathodeUp",""
F1 F2 F3 F4 F5 ,5,"Fuse","Fuse_Holders_and_Fuses:Fuseholder5x20_horiz_SemiClosed_Casing10x25mm",""
J1 ,1,"Pin_Angled_02x08","Pin_Headers:Pin_Header_Angled_2x08_Pitch2.54mm",""
J2 ,1,"Screw_Terminal_02x10","TerminalBlock_2levels:TerminalBlock_10pol_2levels_5mm",""
J3 J4 J5 J6 ,4,"Pin_Straight_01x03","Pin_Headers:Pin_Header_Straight_1x03_Pitch2.54mm",""
Q1 Q2 Q3 Q4 ,4,"IRFZ44N","TO_SOT_Packages_THT:TO-220_Horizontal",""
R1 R2 R3 R4 R5 R6 R7 R8 ,8,"2K2","Resistors_THT:R_Axial_DIN0207_L6.3mm_D2.5mm_P2.54mm_Vertical",""