Reference, Quantity, Value, Footprint, Datasheet
C1 C2 C3 ,3,"0.1uF_50V","Capacitors_THT:C_Disc_D6.0mm_W2.5mm_P5.00mm",""
D1 D3 ,2,"LED_3","LEDs:LED_D3.0mm",""
D2 D4 ,2,"1N4148","Diodes_THT:D_DO-35_SOD27_P2.54mm_Vertical_KathodeUp",""
J1 ,1,"Screw_Terminal_01x08","TerminalBlock_Phoenix:TerminalBlock_Phoenix_MKDS1.5-8pol",""
J2 ,1,"Pin_Straight_02x08","Pin_Headers:Pin_Header_Straight_2x08_Pitch2.54mm",""
J3 J4 J5 J6 ,4,"Pin_Straight_02x03","Pin_Headers:Pin_Header_Straight_2x03_Pitch2.54mm",""
R1 R6 ,2,"150E_1%","Resistors_THT:R_Axial_DIN0207_L6.3mm_D2.5mm_P2.54mm_Vertical",""
R11 R13 ,2,"2K2","Resistors_THT:R_Axial_DIN0207_L6.3mm_D2.5mm_P2.54mm_Vertical",""
R12 R14 ,2,"10K","Resistors_THT:R_Axial_DIN0207_L6.3mm_D2.5mm_P2.54mm_Vertical",""
R3 R4 R8 R9 ,4,"47K_1%","Resistors_THT:R_Axial_DIN0207_L6.3mm_D2.5mm_P2.54mm_Vertical",""
R10 R2 R5 R7 ,4,"100E_1%","Resistors_THT:R_Axial_DIN0207_L6.3mm_D2.5mm_P2.54mm_Vertical",""
U1 ,1,"LM358","Housings_DIP:DIP-8_W7.62mm_LongPads",""
U2 ,1,"CNY74-2","Housings_DIP:DIP-8_W7.62mm_LongPads",""