Reference, Quantity, Value, Footprint, Datasheet
D1 D3 D6 D8 ,4,"1N4751A","Diodes_THT:D_DO-41_SOD81_P2.54mm_Vertical_KathodeUp",""
D2 D4 D5 D7 ,4,"LED_3","LEDs:LED_D3.0mm",""
J1 ,1,"Pin_Straight_02x08","Pin_Headers:Pin_Header_Straight_2x08_Pitch2.54mm",""
J2 ,1,"Screw_Terminal_01x06","TerminalBlock_Phoenix:TerminalBlock_Phoenix_MKDS1.5-6pol",""
Q1 Q2 Q3 Q4 ,4,"BD139","TO_SOT_Packages_THT:TO-126_Horizontal",""
R1 R3 R6 R8 ,4,"4K7","Resistors_THT:R_Axial_DIN0207_L6.3mm_D2.5mm_P2.54mm_Vertical",""
R2 R4 R5 R7 ,4,"100E","Resistors_THT:R_Axial_DIN0207_L6.3mm_D2.5mm_P2.54mm_Vertical",""
R10 R11 R12 R9 ,4,"10K","Resistors_THT:R_Axial_DIN0207_L6.3mm_D2.5mm_P2.54mm_Vertical",""
U1 ,1,"CNY74-4","Housings_DIP:DIP-16_W7.62mm_LongPads",""